vOUTs,baseMean,log2FoldChange,lfcSE,stat,pvalue,padj,Length,Host,CHERRYScore,Method,Host_NCBI_lineage,Host_GTDB_lineage,group
vOUT1010,2873.410998,1.117450373,0.367521404,3.040504202,0.002361824,0.035196585,164442,species:Bacillus cereus,0.95,CRISPR-based (DB),d__Bacteria;p__Firmicutes;c__Bacilli;o__Bacillales;f__Bacillaceae;g__Bacillus;s__Bacillus cereus,d__Bacteria;p__Bacillota;c__Bacilli;o__Bacillales;f__Bacillaceae_G;g__Bacillus_A;s__Bacillus_A bombysepticus,up
vOUT1016,3548.836048,1.516652685,0.4696132,3.22957848,0.001239729,0.023826876,103113,species:[Clostridium] clostridioforme,1,CRISPR-based (DB),d__Bacteria;p__Firmicutes;c__Clostridia;o__Clostridiales;f__Lachnospiraceae;g__Lachnoclostridium;s__[Clostridium] clostridioforme,d__Bacteria;p__Bacillota_A;c__Clostridia;o__Lachnospirales;f__Lachnospiraceae;g__Enterocloster;s__Enterocloster clostridioformis,up
vOUT1031,970.9724493,1.449626145,0.498252802,2.909418953,0.003621013,0.044275108,67980,species:Bifidobacterium moukalabense,0.92,CRISPR-based (DB),d__Bacteria;p__Actinobacteria;c__Actinobacteria;o__Bifidobacteriales;f__Bifidobacteriaceae;g__Bifidobacterium;s__Bifidobacterium moukalabense,d__Bacteria;p__Actinomycetota;c__Actinomycetes;o__Actinomycetales;f__Bifidobacteriaceae;g__Bifidobacterium;s__Bifidobacterium moukalabense,up
vOUT1085,1190.246738,1.707780744,0.541781528,3.152157567,0.001620688,0.027997755,81914,species:Ruminococcus sp. AM50-15BH,1,CRISPR-based (DB),d__Bacteria;p__Firmicutes;c__Clostridia;o__Clostridiales;f__Ruminococcaceae;g__Ruminococcus;s__Ruminococcus sp. AM50-15BH,Not found,up
vOUT1096,1859.596723,2.431899533,0.750390467,3.240845451,0.001191758,0.023826876,65893,-,0,-,-,-,up
vOUT1099,5608.207671,2.739739578,0.548350682,4.99632747,5.84E-07,0.00018338,60952,species:Streptococcus equinus,0.95,CRISPR-based (DB),d__Bacteria;p__Firmicutes;c__Bacilli;o__Lactobacillales;f__Streptococcaceae;g__Streptococcus;s__Streptococcus equinus,Not found,up
vOUT1101,2468.870439,1.718314073,0.503806958,3.410659667,0.000648059,0.016865969,60808,species:Lactobacillus sp. UMNPBX9,1,CRISPR-based (DB),d__Bacteria;p__Firmicutes;c__Bacilli;o__Lactobacillales;f__Lactobacillaceae;g__Lactobacillus;s__Lactobacillus sp. UMNPBX9,Not found,up
vOUT1148,14294.73123,2.345839422,0.527557491,4.446604328,8.72E-06,0.000864578,315555,species:Bacillus cereus,0.95,CRISPR-based (DB),d__Bacteria;p__Firmicutes;c__Bacilli;o__Bacillales;f__Bacillaceae;g__Bacillus;s__Bacillus cereus,d__Bacteria;p__Bacillota;c__Bacilli;o__Bacillales;f__Bacillaceae_G;g__Bacillus_A;s__Bacillus_A bombysepticus,up
vOUT1180,20985.86473,2.737492112,0.899587154,3.043053806,0.002341905,0.035196585,83631,species:Bacteroides cutis,1,CRISPR-based (DB),d__Bacteria;p__Bacteroidetes;c__Bacteroidia;o__Bacteroidales;f__Bacteroidaceae;g__Bacteroides;s__Bacteroides cutis,d__Bacteria;p__Bacteroidota;c__Bacteroidia;o__Bacteroidales;f__Bacteroidaceae;g__Bacteroides;s__Bacteroides cutis,up
vOUT1215,33198.80217,2.135960638,0.661361985,3.229639268,0.001239465,0.023826876,285368,species:Faecalibacterium prausnitzii,1,CRISPR-based (DB),d__Bacteria;p__Firmicutes;c__Clostridia;o__Clostridiales;f__Ruminococcaceae;g__Faecalibacterium;s__Faecalibacterium prausnitzii,d__Bacteria;p__Bacillota_A;c__Clostridia;o__Oscillospirales;f__Ruminococcaceae;g__Faecalibacterium;s__Faecalibacterium prausnitzii_E,up
vOUT1216,60029.73817,1.963038127,0.518820959,3.783652322,0.000154544,0.007097701,282538,species:Bacteroides sp. AR20,1,CRISPR-based (DB),d__Bacteria;p__Bacteroidetes;c__Bacteroidia;o__Bacteroidales;f__Bacteroidaceae;g__Bacteroides;s__Bacteroides sp. AR20,d__Bacteria;p__Bacteroidota;c__Bacteroidia;o__Bacteroidales;f__Bacteroidaceae;g__Bacteroides;s__Bacteroides thetaiotaomicron,up
vOUT1234,22641.50242,2.200870388,0.602624217,3.652143951,0.00026006,0.010201938,113492,species:Bacteroides caccae,1,CRISPR-based (DB),d__Bacteria;p__Bacteroidetes;c__Bacteroidia;o__Bacteroidales;f__Bacteroidaceae;g__Bacteroides;s__Bacteroides caccae,d__Bacteria;p__Bacteroidota;c__Bacteroidia;o__Bacteroidales;f__Bacteroidaceae;g__Bacteroides;s__Bacteroides caccae,up
vOUT1235,15967.14478,2.034903212,0.576106556,3.532164652,0.000412173,0.013381398,113319,species:Faecalibacterium prausnitzii,1,CRISPR-based (DB),d__Bacteria;p__Firmicutes;c__Clostridia;o__Clostridiales;f__Ruminococcaceae;g__Faecalibacterium;s__Faecalibacterium prausnitzii,d__Bacteria;p__Bacillota_A;c__Clostridia;o__Oscillospirales;f__Ruminococcaceae;g__Faecalibacterium;s__Faecalibacterium prausnitzii_E,up
vOUT1239,16642.07104,1.778412192,0.523045991,3.400106723,0.000673596,0.016865969,94223,species:Faecalibacterium prausnitzii,1,CRISPR-based (DB),d__Bacteria;p__Firmicutes;c__Clostridia;o__Clostridiales;f__Ruminococcaceae;g__Faecalibacterium;s__Faecalibacterium prausnitzii,d__Bacteria;p__Bacillota_A;c__Clostridia;o__Oscillospirales;f__Ruminococcaceae;g__Faecalibacterium;s__Faecalibacterium duncaniae,up
vOUT1256,1672.60959,1.630783835,0.534379827,3.051731658,0.002275254,0.034644548,36415,species:Faecalibacterium sp. An192,0.97,CRISPR-based (DB),d__Bacteria;p__Firmicutes;c__Clostridia;o__Clostridiales;f__Ruminococcaceae;g__Faecalibacterium;s__Faecalibacterium sp. An192,d__Bacteria;p__Bacillota_A;c__Clostridia;o__Oscillospirales;f__Ruminococcaceae;g__Faecalibacterium;s__Faecalibacterium sp002160895,up
vOUT1293,24058.55335,1.270306832,0.373540845,3.400717349,0.000672093,0.016865969,118886,species:Faecalibacterium prausnitzii,1,CRISPR-based (DB),d__Bacteria;p__Firmicutes;c__Clostridia;o__Clostridiales;f__Ruminococcaceae;g__Faecalibacterium;s__Faecalibacterium prausnitzii,d__Bacteria;p__Bacillota_A;c__Clostridia;o__Oscillospirales;f__Ruminococcaceae;g__Faecalibacterium;s__Faecalibacterium prausnitzii,up
vOUT13,5759.041953,2.455689905,0.691543737,3.551026168,0.000383732,0.013257818,91973,species:Bacteroides sp. AR20,1,CRISPR-based (DB),d__Bacteria;p__Bacteroidetes;c__Bacteroidia;o__Bacteroidales;f__Bacteroidaceae;g__Bacteroides;s__Bacteroides sp. AR20,d__Bacteria;p__Bacteroidota;c__Bacteroidia;o__Bacteroidales;f__Bacteroidaceae;g__Bacteroides;s__Bacteroides thetaiotaomicron,up
vOUT1309,332.714029,-1.93428406,0.585343307,-3.304529217,0.000951361,0.020590943,63807,species:Pseudoflavonifractor sp. An176,0.94,CRISPR-based (DB),d__Bacteria;p__Firmicutes;c__Clostridia;o__Clostridiales;f__Ruminococcaceae;g__Pseudoflavonifractor;s__Pseudoflavonifractor sp. An176,d__Bacteria;p__Bacillota_A;c__Clostridia;o__Oscillospirales;f__Oscillospiraceae;g__Enterenecus;s__Enterenecus faecium,down
vOUT1339,28964.63426,5.579982467,0.916756324,6.086658276,1.15E-09,2.17E-06,212019,species:Escherichia albertii,1,CRISPR-based (DB),d__Bacteria;p__Proteobacteria;c__Gammaproteobacteria;o__Enterobacterales;f__Enterobacteriaceae;g__Escherichia;s__Escherichia albertii,d__Bacteria;p__Pseudomonadota;c__Gammaproteobacteria;o__Enterobacterales;f__Enterobacteriaceae;g__Escherichia;s__Escherichia albertii,up
vOUT1344,2451.768769,1.828805213,0.540009424,3.38661722,0.0007076,0.016865969,88220,species:Faecalibacterium prausnitzii,1,CRISPR-based (DB),d__Bacteria;p__Firmicutes;c__Clostridia;o__Clostridiales;f__Ruminococcaceae;g__Faecalibacterium;s__Faecalibacterium prausnitzii,d__Bacteria;p__Bacillota_A;c__Clostridia;o__Oscillospirales;f__Ruminococcaceae;g__Faecalibacterium;s__Faecalibacterium prausnitzii,up
vOUT1385,1345.708123,2.878817129,0.657549029,4.378102625,1.20E-05,0.001073462,94235,species:Ruminococcus sp. AM50-15BH,1,CRISPR-based (DB),d__Bacteria;p__Firmicutes;c__Clostridia;o__Clostridiales;f__Ruminococcaceae;g__Ruminococcus;s__Ruminococcus sp. AM50-15BH,Not found,up
vOUT1399,3654.88238,1.37893964,0.458850822,3.005202506,0.002654041,0.036746756,56997,species:Acinetobacter sp. CIP 102143,0.97,CRISPR-based (DB),d__Bacteria;p__Proteobacteria;c__Gammaproteobacteria;o__Pseudomonadales;f__Moraxellaceae;g__Acinetobacter;s__Acinetobacter sp. CIP 102143,d__Bacteria;p__Pseudomonadota;c__Gammaproteobacteria;o__Pseudomonadales;f__Moraxellaceae;g__Acinetobacter;s__Acinetobacter parvus,up
vOUT1448,10497.96172,-1.792681245,0.43529288,-4.118333491,3.82E-05,0.002661461,156484,species:Anaerobutyricum hallii,1,CRISPR-based (DB),d__Bacteria;p__Firmicutes;c__Clostridia;o__Clostridiales;f__Lachnospiraceae;g__Anaerobutyricum;s__Anaerobutyricum hallii,d__Bacteria;p__Bacillota_A;c__Clostridia;o__Lachnospirales;f__Lachnospiraceae;g__Anaerobutyricum;s__Anaerobutyricum hallii,down
vOUT1504,861.9183557,1.905476769,0.634725607,3.002048047,0.002681698,0.036858673,104395,species:Blautia sp. AF26-2,1,CRISPR-based (DB),d__Bacteria;p__Firmicutes;c__Clostridia;o__Clostridiales;f__Lachnospiraceae;g__Blautia;s__Blautia sp. AF26-2,d__Bacteria;p__Bacillota_A;c__Clostridia;o__Lachnospirales;f__Lachnospiraceae;g__Fusicatenibacter;s__Fusicatenibacter saccharivorans,up
vOUT1538,492.181742,2.047929764,0.638593249,3.206939264,0.001341553,0.024954134,41840,species:Streptococcus thermophilus,1,CRISPR-based (DB),d__Bacteria;p__Firmicutes;c__Bacilli;o__Lactobacillales;f__Streptococcaceae;g__Streptococcus;s__Streptococcus thermophilus,Not found,up
vOUT1579,2559.120204,2.156094044,0.752867689,2.863841915,0.004185368,0.048879509,137521,species:Streptococcus thermophilus,1,CRISPR-based (DB),d__Bacteria;p__Firmicutes;c__Bacilli;o__Lactobacillales;f__Streptococcaceae;g__Streptococcus;s__Streptococcus thermophilus,Not found,up
vOUT1598,3493.158416,-1.268560113,0.356467719,-3.558695631,0.000372701,0.013241438,75384,species:Anaerobutyricum hallii,1,CRISPR-based (DB),d__Bacteria;p__Firmicutes;c__Clostridia;o__Clostridiales;f__Lachnospiraceae;g__Anaerobutyricum;s__Anaerobutyricum hallii,d__Bacteria;p__Bacillota_A;c__Clostridia;o__Lachnospirales;f__Lachnospiraceae;g__Anaerobutyricum;s__Anaerobutyricum hallii,down
vOUT1607,1597.68583,-1.947345313,0.402119014,-4.842708865,1.28E-06,0.000267974,61574,-,0,-,-,-,down
vOUT1608,3424.291466,-1.805110541,0.5995613,-3.010718905,0.0026063,0.03655605,61318,species:Anaerobutyricum hallii,1,CRISPR-based (DB),d__Bacteria;p__Firmicutes;c__Clostridia;o__Clostridiales;f__Lachnospiraceae;g__Anaerobutyricum;s__Anaerobutyricum hallii,d__Bacteria;p__Bacillota_A;c__Clostridia;o__Lachnospirales;f__Lachnospiraceae;g__Anaerobutyricum;s__Anaerobutyricum hallii,down
vOUT1659,2255.477728,-2.610774419,0.5847757,-4.464574056,8.02E-06,0.000839276,198207,species:Clostridiales bacterium VE202-01,0.93,CRISPR-based (DB),d__Bacteria;p__Firmicutes;c__Clostridia;o__Clostridiales;f__NAmissing;g__NAmissing;s__Clostridiales bacterium VE202-01,Not found,down
vOUT1672,22478.93009,-1.704822702,0.521370347,-3.269888118,0.0010759,0.02226286,117088,species:Anaerobutyricum hallii,1,CRISPR-based (DB),d__Bacteria;p__Firmicutes;c__Clostridia;o__Clostridiales;f__Lachnospiraceae;g__Anaerobutyricum;s__Anaerobutyricum hallii,d__Bacteria;p__Bacillota_A;c__Clostridia;o__Lachnospirales;f__Lachnospiraceae;g__Anaerobutyricum;s__Anaerobutyricum hallii,down
vOUT168,629.3329522,2.586543479,0.744483692,3.474278226,0.00051223,0.014727657,96292,species:Parabacteroides distasonis,0.97,CRISPR-based (DB),d__Bacteria;p__Bacteroidetes;c__Bacteroidia;o__Bacteroidales;f__Tannerellaceae;g__Parabacteroides;s__Parabacteroides distasonis,d__Bacteria;p__Bacteroidota;c__Bacteroidia;o__Bacteroidales;f__Tannerellaceae;g__Parabacteroides;s__Parabacteroides distasonis_A,up
vOUT1681,3556.988282,-2.125807924,0.614818855,-3.457616675,0.000544976,0.014727657,92373,-,0,-,-,-,down
vOUT1690,564.9986493,-2.181492124,0.649790437,-3.357224115,0.000787293,0.017648478,70225,species:Prevotella sp. P5-119,0.93,CRISPR-based (DB),d__Bacteria;p__Bacteroidetes;c__Bacteroidia;o__Bacteroidales;f__Prevotellaceae;g__Prevotella;s__Prevotella sp. P5-119,d__Bacteria;p__Bacteroidota;c__Bacteroidia;o__Bacteroidales;f__Bacteroidaceae;g__Prevotella;s__Prevotella pectinovora,down
vOUT1694,4888.476579,-1.923647319,0.638398219,-3.013240423,0.002584741,0.03655605,63526,-,0,-,-,-,down
vOUT1701,1203.915364,-1.813769315,0.459628425,-3.946164374,7.94E-05,0.004153747,52452,species:Anaerobutyricum hallii,0.97,CRISPR-based (DB),d__Bacteria;p__Firmicutes;c__Clostridia;o__Clostridiales;f__Lachnospiraceae;g__Anaerobutyricum;s__Anaerobutyricum hallii,d__Bacteria;p__Bacillota_A;c__Clostridia;o__Lachnospirales;f__Lachnospiraceae;g__Anaerobutyricum;s__Anaerobutyricum hallii,down
vOUT1736,1091.981771,-3.624612101,0.862113102,-4.204334781,2.62E-05,0.002127042,220820,species:Blautia sp. An249,0.94,CRISPR-based (DB),d__Bacteria;p__Firmicutes;c__Clostridia;o__Clostridiales;f__Lachnospiraceae;g__Blautia;s__Blautia sp. An249,d__Bacteria;p__Bacillota_A;c__Clostridia;o__Lachnospirales;f__Lachnospiraceae;g__Blautia_A;s__Blautia_A avistercoris,down
vOUT177,4495.125056,2.05667013,0.592855677,3.469090727,0.000522223,0.014727657,60673,species:Faecalibacterium sp. An192,0.97,CRISPR-based (DB),d__Bacteria;p__Firmicutes;c__Clostridia;o__Clostridiales;f__Ruminococcaceae;g__Faecalibacterium;s__Faecalibacterium sp. An192,d__Bacteria;p__Bacillota_A;c__Clostridia;o__Oscillospirales;f__Ruminococcaceae;g__Faecalibacterium;s__Faecalibacterium sp002160895,up
vOUT182,1809.455241,1.433847466,0.461611181,3.106180102,0.001895212,0.031032044,47200,species:Bacteroides faecis,1,CRISPR-based (DB),d__Bacteria;p__Bacteroidetes;c__Bacteroidia;o__Bacteroidales;f__Bacteroidaceae;g__Bacteroides;s__Bacteroides faecis,d__Bacteria;p__Bacteroidota;c__Bacteroidia;o__Bacteroidales;f__Bacteroidaceae;g__Bacteroides;s__Bacteroides faecis,up
vOUT1835,3732.560712,-2.437095017,0.587587371,-4.147630018,3.36E-05,0.002432942,277001,species:Rubrivivax benzoatilyticus,0.94,CRISPR-based (DB),d__Bacteria;p__Proteobacteria;c__Betaproteobacteria;o__Burkholderiales;f__NAmissing;g__Rubrivivax;s__Rubrivivax benzoatilyticus,d__Bacteria;p__Pseudomonadota;c__Gammaproteobacteria;o__Burkholderiales;f__Burkholderiaceae;g__Rubrivivax;s__Rubrivivax benzoatilyticus,down
vOUT1841,5294.641553,3.819766933,1.011812673,3.77517206,0.000159897,0.007168727,189776,species:Bacteroides salyersiae,1,CRISPR-based (DB),d__Bacteria;p__Bacteroidetes;c__Bacteroidia;o__Bacteroidales;f__Bacteroidaceae;g__Bacteroides;s__Bacteroides salyersiae,Not found,up
vOUT190,604.9150475,2.633319103,0.737789427,3.569201463,0.000358071,0.012966302,30755,species:Olsenella sp. KH3B4,0.94,CRISPR-based (DB),d__Bacteria;p__Actinobacteria;c__Coriobacteriia;o__Coriobacteriales;f__Atopobiaceae;g__Olsenella;s__Olsenella sp. KH3B4,d__Bacteria;p__Actinomycetota;c__Coriobacteriia;o__Coriobacteriales;f__Atopobiaceae;g__Tractidigestivibacter;s__Tractidigestivibacter sp900111695,up
vOUT1920,15360.97276,-2.133272923,0.601471847,-3.546754405,0.000390008,0.013257818,725324,species:Olsenella sp. HMSC062G07,0.91,CRISPR-based (DB),d__Bacteria;p__Actinobacteria;c__Coriobacteriia;o__Coriobacteriales;f__Atopobiaceae;g__Olsenella;s__Olsenella sp. HMSC062G07,d__Bacteria;p__Actinomycetota;c__Coriobacteriia;o__Coriobacteriales;f__Atopobiaceae;g__Olsenella_F;s__Olsenella_F massiliensis,down
vOUT1922,4314.912254,-2.89583233,0.642626999,-4.506241309,6.60E-06,0.000776573,216521,species:Eubacterium sp. AM46-8,0.92,CRISPR-based (DB),d__Bacteria;p__Firmicutes;c__Clostridia;o__Clostridiales;f__Eubacteriaceae;g__Eubacterium;s__Eubacterium sp. AM46-8,d__Bacteria;p__Bacillota_A;c__Clostridia;o__Lachnospirales;f__Lachnospiraceae;g__Lachnospira;s__Lachnospira sp003451515,down
vOUT1923,1861.543829,-2.807407488,0.565944973,-4.960566175,7.03E-07,0.000185474,202694,species:Rubrivivax benzoatilyticus,0.94,CRISPR-based (DB),d__Bacteria;p__Proteobacteria;c__Betaproteobacteria;o__Burkholderiales;f__NAmissing;g__Rubrivivax;s__Rubrivivax benzoatilyticus,d__Bacteria;p__Pseudomonadota;c__Gammaproteobacteria;o__Burkholderiales;f__Burkholderiaceae;g__Rubrivivax;s__Rubrivivax benzoatilyticus,down
vOUT1925,1773.861072,-4.671512976,1.418579925,-3.293091135,0.000990923,0.021203511,195256,species:Fischerella thermalis,0.9,CRISPR-based (DB),d__Bacteria;p__Cyanobacteria;c__NAmissing;o__Nostocales;f__Hapalosiphonaceae;g__Fischerella;s__Fischerella thermalis,d__Bacteria;p__Cyanobacteriota;c__Cyanobacteriia;o__Cyanobacteriales;f__Nostocaceae;g__Fischerella;s__Fischerella thermalis,down
vOUT194,81122.37209,1.60591331,0.533698437,3.009027571,0.002620853,0.03655605,422107,species:Bacteroides massiliensis,1,CRISPR-based (DB),d__Bacteria;p__Bacteroidetes;c__Bacteroidia;o__Bacteroidales;f__Bacteroidaceae;g__Bacteroides;s__Bacteroides massiliensis,d__Bacteria;p__Bacteroidota;c__Bacteroidia;o__Bacteroidales;f__Bacteroidaceae;g__Phocaeicola;s__Phocaeicola massiliensis,up
vOUT1942,1603.740739,-3.900323921,0.719689806,-5.419451394,5.98E-08,2.81E-05,79496,species:Romboutsia timonensis,1,CRISPR-based (DB),d__Bacteria;p__Firmicutes;c__Clostridia;o__Clostridiales;f__Peptostreptococcaceae;g__Romboutsia;s__Romboutsia timonensis,d__Bacteria;p__Bacillota_A;c__Clostridia;o__Peptostreptococcales;f__Peptostreptococcaceae;g__Romboutsia;s__Romboutsia timonensis,down
vOUT2002,1061.591329,-1.809552739,0.606319826,-2.984485515,0.002840557,0.037733538,67439,species:Anaerobutyricum hallii,1,CRISPR-based (DB),d__Bacteria;p__Firmicutes;c__Clostridia;o__Clostridiales;f__Lachnospiraceae;g__Anaerobutyricum;s__Anaerobutyricum hallii,d__Bacteria;p__Bacillota_A;c__Clostridia;o__Lachnospirales;f__Lachnospiraceae;g__Anaerobutyricum;s__Anaerobutyricum hallii,down
vOUT2008,877.6302813,-2.206437031,0.56354492,-3.915281553,9.03E-05,0.004595475,41226,species:Anaerobutyricum hallii,1,CRISPR-based (DB),d__Bacteria;p__Firmicutes;c__Clostridia;o__Clostridiales;f__Lachnospiraceae;g__Anaerobutyricum;s__Anaerobutyricum hallii,d__Bacteria;p__Bacillota_A;c__Clostridia;o__Lachnospirales;f__Lachnospiraceae;g__Anaerobutyricum;s__Anaerobutyricum hallii,down
vOUT2012,503.2614574,2.176976501,0.726702321,2.995692235,0.002738226,0.037094104,34989,species:Bacteroides salyersiae,1,CRISPR-based (DB),d__Bacteria;p__Bacteroidetes;c__Bacteroidia;o__Bacteroidales;f__Bacteroidaceae;g__Bacteroides;s__Bacteroides salyersiae,d__Bacteria;p__Bacteroidota;c__Bacteroidia;o__Bacteroidales;f__Bacteroidaceae;g__Bacteroides;s__Bacteroides salyersiae,up
vOUT2020,9108.820655,-3.72496966,0.852812753,-4.367863455,1.25E-05,0.001073891,664869,species:Blautia sp. An249,0.94,CRISPR-based (DB),d__Bacteria;p__Firmicutes;c__Clostridia;o__Clostridiales;f__Lachnospiraceae;g__Blautia;s__Blautia sp. An249,d__Bacteria;p__Bacillota_A;c__Clostridia;o__Lachnospirales;f__Lachnospiraceae;g__Blautia_A;s__Blautia_A avistercoris,down
vOUT2024,9732.865648,-2.606743292,0.865771295,-3.010891337,0.002604821,0.03655605,312945,species:Staphylococcus chromogenes,0.93,CRISPR-based (DB),d__Bacteria;p__Firmicutes;c__Bacilli;o__Bacillales;f__Staphylococcaceae;g__Staphylococcus;s__Staphylococcus chromogenes,d__Bacteria;p__Bacillota;c__Bacilli;o__Staphylococcales;f__Staphylococcaceae;g__Staphylococcus;s__Staphylococcus chromogenes,down
vOUT2027,5330.339072,-2.161078642,0.680635753,-3.175088338,0.001497909,0.026361594,281194,species:Clostridium sp. AF32-12BH,0.94,CRISPR-based (DB),d__Bacteria;p__Firmicutes;c__Clostridia;o__Clostridiales;f__Clostridiaceae;g__Clostridium;s__Clostridium sp. AF32-12BH,d__Bacteria;p__Bacillota_A;c__Clostridia;o__Lachnospirales;f__Lachnospiraceae;g__Brotaphodocola;s__Brotaphodocola sp003481825,down
vOUT2044,4593.330101,-2.211125059,0.634718093,-3.483633261,0.000494657,0.014727657,122786,species:Mycoplasma dispar,1,CRISPR-based (DB),d__Bacteria;p__Tenericutes;c__Mollicutes;o__Mycoplasmatales;f__Mycoplasmataceae;g__Mycoplasma;s__Mycoplasma dispar,d__Bacteria;p__Bacillota_I;c__Bacilli_A;o__Mycoplasmatales;f__Metamycoplasmataceae;g__Mesomycoplasma;s__Mesomycoplasma dispar,down
vOUT2045,2471.416185,-2.06811101,0.521841841,-3.963099256,7.40E-05,0.003980286,114894,species:Clostridiales bacterium,0.97,CRISPR-based (DB),d__Bacteria;p__Firmicutes;c__Clostridia;o__Clostridiales;f__NAmissing;g__NAmissing;s__Clostridiales bacterium,Not found,down
vOUT2113,438.3739916,-1.483726459,0.49723593,-2.983948605,0.002845546,0.037733538,66616,species:Coprobacillus sp. AM23-2,1,CRISPR-based (DB),d__Bacteria;p__Firmicutes;c__Erysipelotrichia;o__Erysipelotrichales;f__Erysipelotrichaceae;g__Coprobacillus;s__Coprobacillus sp. AM23-2,Not found,down
vOUT2126,4657.171429,-2.903144634,0.718672115,-4.039595492,5.35E-05,0.003150698,628720,species:Blautia sp. An249,0.94,CRISPR-based (DB),d__Bacteria;p__Firmicutes;c__Clostridia;o__Clostridiales;f__Lachnospiraceae;g__Blautia;s__Blautia sp. An249,d__Bacteria;p__Bacillota_A;c__Clostridia;o__Lachnospirales;f__Lachnospiraceae;g__Blautia_A;s__Blautia_A avistercoris,down
vOUT2146,1741.665344,-3.651194915,1.063932877,-3.431790664,0.00059961,0.015902338,129942,species:Streptococcus parasuis,0.91,CRISPR-based (DB),d__Bacteria;p__Firmicutes;c__Bacilli;o__Lactobacillales;f__Streptococcaceae;g__Streptococcus;s__Streptococcus parasuis,d__Bacteria;p__Bacillota;c__Bacilli;o__Lactobacillales;f__Streptococcaceae;g__Streptococcus;s__Streptococcus suis_AA,down
vOUT2154,6898.063814,-1.943070927,0.477789722,-4.066790967,4.77E-05,0.002991771,102857,-,0,-,-,-,down
vOUT2191,420.6267542,-2.396892252,0.721812273,-3.320658766,0.000898053,0.019663176,38748,species:Ruminococcus lactaris,1,CRISPR-based (DB),d__Bacteria;p__Firmicutes;c__Clostridia;o__Clostridiales;f__Ruminococcaceae;g__Ruminococcus;s__Ruminococcus lactaris,d__Bacteria;p__Bacillota_A;c__Clostridia;o__Lachnospirales;f__Lachnospiraceae;g__Mediterraneibacter;s__Mediterraneibacter lactaris,down
vOUT2193,5273.748077,2.172141978,0.495072104,4.387526503,1.15E-05,0.001073462,35659,-,0,-,-,-,up
vOUT2224,522.1368464,-3.091586707,0.769228941,-4.019072271,5.84E-05,0.003235866,159158,species:Pseudoflavonifractor sp. An176,0.94,CRISPR-based (DB),d__Bacteria;p__Firmicutes;c__Clostridia;o__Clostridiales;f__Ruminococcaceae;g__Pseudoflavonifractor;s__Pseudoflavonifractor sp. An176,d__Bacteria;p__Bacillota_A;c__Clostridia;o__Oscillospirales;f__Oscillospiraceae;g__Enterenecus;s__Enterenecus faecium,down
vOUT2265,480.3247068,-1.32164856,0.435545571,-3.034466765,0.002409613,0.035447667,50586,-,0,-,-,-,down
vOUT2306,2203.781431,-1.779523669,0.527846469,-3.371290277,0.00074817,0.017372471,68194,species:Lachnospiraceae bacterium,1,CRISPR-based (DB),d__Bacteria;p__Firmicutes;c__Clostridia;o__Clostridiales;f__Lachnospiraceae;g__NAmissing;s__Lachnospiraceae bacterium,Not found,down
vOUT2317,450.7629009,-2.510990525,0.644163167,-3.898065975,9.70E-05,0.004804821,40372,-,0,-,-,-,down
vOUT2337,1314.583843,-3.062913986,0.731492273,-4.187213044,2.82E-05,0.002127042,199592,species:Bacteroides thetaiotaomicron,0.93,CRISPR-based (DB),d__Bacteria;p__Bacteroidetes;c__Bacteroidia;o__Bacteroidales;f__Bacteroidaceae;g__Bacteroides;s__Bacteroides thetaiotaomicron,d__Bacteria;p__Bacteroidota;c__Bacteroidia;o__Bacteroidales;f__Bacteroidaceae;g__Bacteroides;s__Bacteroides thetaiotaomicron,down
vOUT235,12645.98711,5.15820077,1.791589982,2.879119007,0.003987878,0.047849299,83874,species:Bacteroides vulgatus,0.97,CRISPR-based (DB),d__Bacteria;p__Bacteroidetes;c__Bacteroidia;o__Bacteroidales;f__Bacteroidaceae;g__Bacteroides;s__Bacteroides vulgatus,d__Bacteria;p__Bacteroidota;c__Bacteroidia;o__Bacteroidales;f__Bacteroidaceae;g__Phocaeicola;s__Phocaeicola vulgatus,up
vOUT2385,707.2806641,-3.797237926,1.094015604,-3.470917517,0.000518683,0.014727657,160451,species:Blautia sp. An249,0.94,CRISPR-based (DB),d__Bacteria;p__Firmicutes;c__Clostridia;o__Clostridiales;f__Lachnospiraceae;g__Blautia;s__Blautia sp. An249,d__Bacteria;p__Bacillota_A;c__Clostridia;o__Lachnospirales;f__Lachnospiraceae;g__Blautia_A;s__Blautia_A avistercoris,down
vOUT2390,4160.09287,-1.725190782,0.480963439,-3.586947869,0.000334571,0.012352893,135573,species:Blautia obeum,1,CRISPR-based (DB),d__Bacteria;p__Firmicutes;c__Clostridia;o__Clostridiales;f__Lachnospiraceae;g__Blautia;s__Blautia obeum,d__Bacteria;p__Bacillota_A;c__Clostridia;o__Lachnospirales;f__Lachnospiraceae;g__Blautia_A;s__Blautia_A fusiformis,down
vOUT2466,15743.7352,-1.44616022,0.359304655,-4.024885849,5.70E-05,0.003235866,250051,species:Anaerobutyricum hallii,1,CRISPR-based (DB),d__Bacteria;p__Firmicutes;c__Clostridia;o__Clostridiales;f__Lachnospiraceae;g__Anaerobutyricum;s__Anaerobutyricum hallii,d__Bacteria;p__Bacillota_A;c__Clostridia;o__Lachnospirales;f__Lachnospiraceae;g__Anaerobutyricum;s__Anaerobutyricum hallii,down
vOUT2527,1259.729057,-3.808414382,1.177515031,-3.234280906,0.001219494,0.023826876,210681,species:Blautia sp. An249,0.94,CRISPR-based (DB),d__Bacteria;p__Firmicutes;c__Clostridia;o__Clostridiales;f__Lachnospiraceae;g__Blautia;s__Blautia sp. An249,d__Bacteria;p__Bacillota_A;c__Clostridia;o__Lachnospirales;f__Lachnospiraceae;g__Blautia_A;s__Blautia_A avistercoris,down
vOUT2539,2896.37182,-1.419454162,0.465254706,-3.050918444,0.002281425,0.034644548,77165,species:Dorea longicatena,1,CRISPR-based (DB),d__Bacteria;p__Firmicutes;c__Clostridia;o__Clostridiales;f__Lachnospiraceae;g__Dorea;s__Dorea longicatena,d__Bacteria;p__Bacillota_A;c__Clostridia;o__Lachnospirales;f__Lachnospiraceae;g__Dorea_A;s__Dorea_A amylophila,down
vOUT2547,1427.598685,1.868398946,0.620679773,3.010246231,0.00261036,0.03655605,52712,species:Faecalibacterium sp. An192,0.97,CRISPR-based (DB),d__Bacteria;p__Firmicutes;c__Clostridia;o__Clostridiales;f__Ruminococcaceae;g__Faecalibacterium;s__Faecalibacterium sp. An192,d__Bacteria;p__Bacillota_A;c__Clostridia;o__Oscillospirales;f__Ruminococcaceae;g__Faecalibacterium;s__Faecalibacterium sp002160895,up
vOUT2571,1681.877373,-2.407627907,0.532139034,-4.524433944,6.06E-06,0.000776573,202034,species:Rubrivivax benzoatilyticus,0.94,CRISPR-based (DB),d__Bacteria;p__Proteobacteria;c__Betaproteobacteria;o__Burkholderiales;f__NAmissing;g__Rubrivivax;s__Rubrivivax benzoatilyticus,d__Bacteria;p__Pseudomonadota;c__Gammaproteobacteria;o__Burkholderiales;f__Burkholderiaceae;g__Rubrivivax;s__Rubrivivax benzoatilyticus,down
vOUT2596,864.0105629,1.202819639,0.41842602,2.874629159,0.004045023,0.047849299,104011,species:Roseburia sp. AM16-25,1,CRISPR-based (DB),d__Bacteria;p__Firmicutes;c__Clostridia;o__Clostridiales;f__Lachnospiraceae;g__Roseburia;s__Roseburia sp. AM16-25,d__Bacteria;p__Bacillota_A;c__Clostridia;o__Lachnospirales;f__Lachnospiraceae;g__Pararoseburia;s__Pararoseburia lenta,up
vOUT266,5030.180349,3.737412378,0.807762431,4.626870764,3.71E-06,0.000578875,161988,species:Bacteroides salyersiae,1,CRISPR-based (DB),d__Bacteria;p__Bacteroidetes;c__Bacteroidia;o__Bacteroidales;f__Bacteroidaceae;g__Bacteroides;s__Bacteroides salyersiae,d__Bacteria;p__Bacteroidota;c__Bacteroidia;o__Bacteroidales;f__Bacteroidaceae;g__Bacteroides;s__Bacteroides salyersiae,up
vOUT2680,14981.60878,-1.619993359,0.552185094,-2.933786834,0.003348541,0.042035351,154694,species:Clostridium sp. AF34-10BH,0.97,CRISPR-based (DB),d__Bacteria;p__Firmicutes;c__Clostridia;o__Clostridiales;f__Clostridiaceae;g__Clostridium;s__Clostridium sp. AF34-10BH,d__Bacteria;p__Bacillota_A;c__Clostridia;o__Lachnospirales;f__Lachnospiraceae;g__Acetatifactor;s__Acetatifactor acetigignens,down
vOUT2704,2493.372706,-1.93746312,0.637538568,-3.038973981,0.002373854,0.035196585,45988,-,0,-,-,-,down
vOUT2719,6853.434913,1.470583991,0.514120132,2.860389819,0.004231206,0.048879509,214345,species:Bifidobacterium longum,1,CRISPR-based (DB),d__Bacteria;p__Actinobacteria;c__Actinobacteria;o__Bifidobacteriales;f__Bifidobacteriaceae;g__Bifidobacterium;s__Bifidobacterium longum,d__Bacteria;p__Actinomycetota;c__Actinomycetes;o__Actinomycetales;f__Bifidobacteriaceae;g__Bifidobacterium;s__Bifidobacterium longum,up
vOUT273,9469.906412,5.063752833,1.720206486,2.943688955,0.003243258,0.041743509,83821,species:Bacteroides vulgatus,0.97,CRISPR-based (DB),d__Bacteria;p__Bacteroidetes;c__Bacteroidia;o__Bacteroidales;f__Bacteroidaceae;g__Bacteroides;s__Bacteroides vulgatus,d__Bacteria;p__Bacteroidota;c__Bacteroidia;o__Bacteroidales;f__Bacteroidaceae;g__Phocaeicola;s__Phocaeicola vulgatus,up
vOUT2730,13965.84055,-1.809539331,0.53367266,-3.390728934,0.00069707,0.016865969,120631,species:Butyricicoccus sp. TM10-16AC,0.97,CRISPR-based (DB),d__Bacteria;p__Firmicutes;c__Clostridia;o__Clostridiales;f__Clostridiaceae;g__Butyricicoccus;s__Butyricicoccus sp. TM10-16AC,d__Bacteria;p__Bacillota_A;c__Clostridia;o__Oscillospirales;f__Butyricicoccaceae;g__Agathobaculum;s__Agathobaculum butyriciproducens,down
vOUT2748,679.590493,-3.955198245,1.260870672,-3.136878612,0.001707568,0.028967123,47896,species:Bacteroides cellulosilyticus,1,CRISPR-based (DB),d__Bacteria;p__Bacteroidetes;c__Bacteroidia;o__Bacteroidales;f__Bacteroidaceae;g__Bacteroides;s__Bacteroides cellulosilyticus,d__Bacteria;p__Bacteroidota;c__Bacteroidia;o__Bacteroidales;f__Bacteroidaceae;g__Bacteroides;s__Bacteroides cellulosilyticus,down
vOUT2787,1930.518754,3.162820939,0.972679478,3.251657931,0.00114734,0.02348306,139657,species:Klebsiella aerogenes,1,CRISPR-based (DB),d__Bacteria;p__Proteobacteria;c__Gammaproteobacteria;o__Enterobacterales;f__Enterobacteriaceae;g__Klebsiella;s__Klebsiella aerogenes,Not found,up
vOUT2840,79478.04461,-1.115491673,0.382258895,-2.918157531,0.003521064,0.043334404,813810,species:Clostridiaceae bacterium,0.94,CRISPR-based (DB),d__Bacteria;p__Firmicutes;c__Clostridia;o__Clostridiales;f__Clostridiaceae;g__NAmissing;s__Clostridiaceae bacterium,Not found,down
vOUT2841,6155.171697,-2.128969607,0.691328561,-3.079533707,0.002073249,0.032263868,420281,species:Clostridium sp. AF32-12BH,0.94,CRISPR-based (DB),d__Bacteria;p__Firmicutes;c__Clostridia;o__Clostridiales;f__Clostridiaceae;g__Clostridium;s__Clostridium sp. AF32-12BH,d__Bacteria;p__Bacillota_A;c__Clostridia;o__Lachnospirales;f__Lachnospiraceae;g__Brotaphodocola;s__Brotaphodocola sp003481825,down
vOUT2865,1716.552532,-2.492455333,0.867541013,-2.873011531,0.004065793,0.047849299,92485,species:Eubacterium ventriosum,1,CRISPR-based (DB),d__Bacteria;p__Firmicutes;c__Clostridia;o__Clostridiales;f__Eubacteriaceae;g__Eubacterium;s__Eubacterium ventriosum,d__Bacteria;p__Bacillota_A;c__Clostridia;o__Lachnospirales;f__Lachnospiraceae;g__Eubacterium_G;s__Eubacterium_G ventriosum,down
vOUT2921,6027.273503,-3.071174238,0.831907435,-3.691725919,0.000222737,0.00926565,241963,species:Coprobacillus cateniformis,1,CRISPR-based (DB),d__Bacteria;p__Firmicutes;c__Erysipelotrichia;o__Erysipelotrichales;f__Erysipelotrichaceae;g__Coprobacillus;s__Coprobacillus cateniformis,d__Bacteria;p__Bacillota_I;c__Bacilli_A;o__Erysipelotrichales;f__Coprobacillaceae;g__Coprobacillus;s__Coprobacillus cateniformis,down
vOUT2935,9763.358107,1.881529092,0.558610853,3.368228672,0.000756528,0.017372471,77322,-,0,-,-,-,up
vOUT2940,11153.70315,-1.047338087,0.364403816,-2.874113939,0.004051628,0.047849299,66833,species:Clostridium sp. OM05-9,1,CRISPR-based (DB),d__Bacteria;p__Firmicutes;c__Clostridia;o__Clostridiales;f__Clostridiaceae;g__Clostridium;s__Clostridium sp. OM05-9,d__Bacteria;p__Bacillota_A;c__Clostridia;o__Lachnospirales;f__Lachnospiraceae;g__Coprococcus;s__Coprococcus ammoniilyticus,down
vOUT2983,3574.723921,-2.407196949,0.75430577,-3.191274739,0.001416465,0.025648428,488572,species:Blautia sp. An249,0.94,CRISPR-based (DB),d__Bacteria;p__Firmicutes;c__Clostridia;o__Clostridiales;f__Lachnospiraceae;g__Blautia;s__Blautia sp. An249,d__Bacteria;p__Bacillota_A;c__Clostridia;o__Lachnospirales;f__Lachnospiraceae;g__Blautia_A;s__Blautia_A avistercoris,down
vOUT300,3051.720511,1.290559953,0.441923262,2.920325911,0.003496655,0.043317114,67240,-,0,-,-,-,up
vOUT305,9432.173174,3.030239127,0.957093538,3.166084618,0.001545058,0.02693838,47179,species:Bacteroides caccae,1,CRISPR-based (DB),d__Bacteria;p__Bacteroidetes;c__Bacteroidia;o__Bacteroidales;f__Bacteroidaceae;g__Bacteroides;s__Bacteroides caccae,d__Bacteria;p__Bacteroidota;c__Bacteroidia;o__Bacteroidales;f__Bacteroidaceae;g__Bacteroides;s__Bacteroides caccae,up
vOUT3078,11073.08511,-1.91420975,0.626364345,-3.05606436,0.002242631,0.034613724,136173,-,0,-,-,-,down
vOUT3081,5296.889015,-1.520270772,0.505130965,-3.009656656,0.002615432,0.03655605,122890,species:Blautia obeum,1,CRISPR-based (DB),d__Bacteria;p__Firmicutes;c__Clostridia;o__Clostridiales;f__Lachnospiraceae;g__Blautia;s__Blautia obeum,d__Bacteria;p__Bacillota_A;c__Clostridia;o__Lachnospirales;f__Lachnospiraceae;g__Blautia_A;s__Blautia_A fusiformis,down
vOUT3091,5101.934786,-2.085705091,0.619894779,-3.364611481,0.000766515,0.017389734,104578,-,0,-,-,-,down
vOUT3095,6126.213443,-1.979566614,0.623470787,-3.175075166,0.001497977,0.026361594,94335,species:Romboutsia timonensis,1,CRISPR-based (DB),d__Bacteria;p__Firmicutes;c__Clostridia;o__Clostridiales;f__Peptostreptococcaceae;g__Romboutsia;s__Romboutsia timonensis,d__Bacteria;p__Bacillota_A;c__Clostridia;o__Peptostreptococcales;f__Peptostreptococcaceae;g__Romboutsia;s__Romboutsia timonensis,down
vOUT3111,1228.850322,-2.254790758,0.63624917,-3.543880077,0.000394285,0.013257818,48676,-,0,-,-,-,down
vOUT3133,1202.631088,-1.704968669,0.527935486,-3.229501927,0.00124006,0.023826876,200276,species:Blautia sp. KGMB01111,0.97,CRISPR-based (DB),d__Bacteria;p__Firmicutes;c__Clostridia;o__Clostridiales;f__Lachnospiraceae;g__Blautia;s__Blautia sp. KGMB01111,d__Bacteria;p__Bacillota_A;c__Clostridia;o__Lachnospirales;f__Lachnospiraceae;g__Oliverpabstia;s__Oliverpabstia faecicola,down
vOUT3135,1349.298849,-1.83514244,0.450421621,-4.074276973,4.62E-05,0.002991771,172507,species:Tyzzerella nexilis,1,CRISPR-based (DB),d__Bacteria;p__Firmicutes;c__Clostridia;o__Clostridiales;f__Lachnospiraceae;g__Tyzzerella;s__Tyzzerella nexilis,Not found,down
vOUT3161,6978.27138,-1.362136758,0.388015269,-3.510523596,0.000447225,0.014229626,83064,species:Anaerobutyricum hallii,1,CRISPR-based (DB),d__Bacteria;p__Firmicutes;c__Clostridia;o__Clostridiales;f__Lachnospiraceae;g__Anaerobutyricum;s__Anaerobutyricum hallii,d__Bacteria;p__Bacillota_A;c__Clostridia;o__Lachnospirales;f__Lachnospiraceae;g__Anaerobutyricum;s__Anaerobutyricum hallii,down
vOUT3193,8483.602219,-3.485936636,0.851404641,-4.094335955,4.23E-05,0.002847231,225144,species:Anaerobutyricum hallii,1,CRISPR-based (DB),d__Bacteria;p__Firmicutes;c__Clostridia;o__Clostridiales;f__Lachnospiraceae;g__Anaerobutyricum;s__Anaerobutyricum hallii,d__Bacteria;p__Bacillota_A;c__Clostridia;o__Lachnospirales;f__Lachnospiraceae;g__Anaerobutyricum;s__Anaerobutyricum hallii,down
vOUT3206,2289.863932,-1.483061186,0.428728621,-3.459207328,0.000541768,0.014727657,143665,species:Geomicrobium sp. JCM 19039,0.94,CRISPR-based (DB),d__Bacteria;p__Firmicutes;c__Bacilli;o__Bacillales;f__NAmissing;g__Geomicrobium;s__Geomicrobium sp. JCM 19039,d__Bacteria;p__Bacillota;c__Bacilli;o__Bacillales_H;f__Marinococcaceae;g__Geomicrobium_A;s__Geomicrobium_A sp000698145,down
vOUT322,96789.10371,2.317041016,0.809515091,2.862257963,0.004206344,0.048879509,208225,species:Capnocytophaga sp. H2931,0.93,CRISPR-based (DB),d__Bacteria;p__Bacteroidetes;c__Flavobacteriia;o__Flavobacteriales;f__Flavobacteriaceae;g__Capnocytophaga;s__Capnocytophaga sp. H2931,d__Bacteria;p__Bacteroidota;c__Bacteroidia;o__Flavobacteriales;f__Flavobacteriaceae;g__Capnocytophaga;s__Capnocytophaga canis,up
vOUT3230,2936.345826,-1.88524821,0.638123777,-2.954361329,0.003133169,0.040687984,52393,species:Romboutsia timonensis,1,CRISPR-based (DB),d__Bacteria;p__Firmicutes;c__Clostridia;o__Clostridiales;f__Peptostreptococcaceae;g__Romboutsia;s__Romboutsia timonensis,d__Bacteria;p__Bacillota_A;c__Clostridia;o__Peptostreptococcales;f__Peptostreptococcaceae;g__Romboutsia;s__Romboutsia timonensis,down
vOUT3242,35090.66605,-3.12212787,0.531081603,-5.878810058,4.13E-09,2.59E-06,405596,species:Anaerobutyricum hallii,1,CRISPR-based (DB),d__Bacteria;p__Firmicutes;c__Clostridia;o__Clostridiales;f__Lachnospiraceae;g__Anaerobutyricum;s__Anaerobutyricum hallii,d__Bacteria;p__Bacillota_A;c__Clostridia;o__Lachnospirales;f__Lachnospiraceae;g__Anaerobutyricum;s__Anaerobutyricum hallii,down
vOUT325,7337.416499,3.210041205,0.878117629,3.655593625,0.000256588,0.010201938,168395,species:Bifidobacterium breve,1,CRISPR-based (DB),d__Bacteria;p__Actinobacteria;c__Actinobacteria;o__Bifidobacteriales;f__Bifidobacteriaceae;g__Bifidobacterium;s__Bifidobacterium breve,d__Bacteria;p__Actinomycetota;c__Actinomycetes;o__Actinomycetales;f__Bifidobacteriaceae;g__Bifidobacterium;s__Bifidobacterium breve,up
vOUT3266,3211.063637,-2.509718054,0.680577316,-3.687631067,0.000226352,0.00926565,41930,species:Bacteroides vulgatus,1,CRISPR-based (DB),d__Bacteria;p__Bacteroidetes;c__Bacteroidia;o__Bacteroidales;f__Bacteroidaceae;g__Bacteroides;s__Bacteroides vulgatus,d__Bacteria;p__Bacteroidota;c__Bacteroidia;o__Bacteroidales;f__Bacteroidaceae;g__Phocaeicola;s__Phocaeicola vulgatus,down
vOUT332,6972.111913,-2.313684121,0.776806667,-2.97845554,0.002897051,0.038147876,120524,-,0,-,-,-,down
vOUT3325,2199.13363,-1.822301796,0.537243325,-3.391948696,0.000693974,0.016865969,69653,species:Anaerostipes hadrus,1,CRISPR-based (DB),d__Bacteria;p__Firmicutes;c__Clostridia;o__Clostridiales;f__Lachnospiraceae;g__Anaerostipes;s__Anaerostipes hadrus,d__Bacteria;p__Bacillota_A;c__Clostridia;o__Lachnospirales;f__Lachnospiraceae;g__Anaerostipes;s__Anaerostipes hadrus,down
vOUT3350,13265.15377,-2.640802919,0.899380959,-2.936245083,0.003322117,0.042035351,271498,species:Tannerella forsythia,0.91,CRISPR-based (DB),d__Bacteria;p__Bacteroidetes;c__Bacteroidia;o__Bacteroidales;f__Tannerellaceae;g__Tannerella;s__Tannerella forsythia,d__Bacteria;p__Bacteroidota;c__Bacteroidia;o__Bacteroidales;f__Tannerellaceae;g__Tannerella;s__Tannerella forsythia,down
vOUT336,694.9720064,1.900115397,0.641847188,2.960385952,0.003072539,0.040177709,109644,species:Streptococcus thermophilus,1,CRISPR-based (DB),d__Bacteria;p__Firmicutes;c__Bacilli;o__Lactobacillales;f__Streptococcaceae;g__Streptococcus;s__Streptococcus thermophilus,Not found,up
vOUT359,5322.171605,1.469183846,0.500735458,2.934051949,0.003345682,0.042035351,58738,species:Bacteroides eggerthii,1,CRISPR-based (DB),d__Bacteria;p__Bacteroidetes;c__Bacteroidia;o__Bacteroidales;f__Bacteroidaceae;g__Bacteroides;s__Bacteroides eggerthii,d__Bacteria;p__Bacteroidota;c__Bacteroidia;o__Bacteroidales;f__Bacteroidaceae;g__Bacteroides;s__Bacteroides eggerthii,up
vOUT398,6897.449209,-3.086183374,0.690479253,-4.469625064,7.84E-06,0.000839276,775125,species:Blautia sp. An249,0.94,CRISPR-based (DB),d__Bacteria;p__Firmicutes;c__Clostridia;o__Clostridiales;f__Lachnospiraceae;g__Blautia;s__Blautia sp. An249,d__Bacteria;p__Bacillota_A;c__Clostridia;o__Lachnospirales;f__Lachnospiraceae;g__Blautia_A;s__Blautia_A avistercoris,down
vOUT410,3363.991106,2.150227808,0.667129955,3.223101875,0.001268104,0.023878407,207885,species:Firmicutes bacterium AF36-19BH,0.97,CRISPR-based (DB),d__Bacteria;p__Firmicutes;c__NAmissing;o__NAmissing;f__NAmissing;g__NAmissing;s__Firmicutes bacterium AF36-19BH,Not found,up
vOUT421,3759.663656,2.427608355,0.699709636,3.469451085,0.000521523,0.014727657,158541,species:Streptococcus dysgalactiae,0.93,CRISPR-based (DB),d__Bacteria;p__Firmicutes;c__Bacilli;o__Lactobacillales;f__Streptococcaceae;g__Streptococcus;s__Streptococcus dysgalactiae,d__Bacteria;p__Bacillota;c__Bacilli;o__Lactobacillales;f__Streptococcaceae;g__Streptococcus;s__Streptococcus dysgalactiae,up
vOUT427,2802.852101,2.392371222,0.706010103,3.388579303,0.000702557,0.016865969,122144,species:Neisseria meningitidis,0.93,CRISPR-based (DB),d__Bacteria;p__Proteobacteria;c__Betaproteobacteria;o__Neisseriales;f__Neisseriaceae;g__Neisseria;s__Neisseria meningitidis,d__Bacteria;p__Pseudomonadota;c__Gammaproteobacteria;o__Burkholderiales;f__Neisseriaceae;g__Neisseria;s__Neisseria meningitidis,up
vOUT432,2333.126401,1.077644013,0.347472483,3.101379435,0.001926213,0.03126775,101987,species:Ruminococcus bromii,0.93,CRISPR-based (DB),d__Bacteria;p__Firmicutes;c__Clostridia;o__Clostridiales;f__Ruminococcaceae;g__Ruminococcus;s__Ruminococcus bromii,d__Bacteria;p__Bacillota_A;c__Clostridia;o__Oscillospirales;f__Acutalibacteraceae;g__Ruminococcus_E;s__Ruminococcus_E bromii_B,up
vOUT456,11307.5388,3.303802729,0.56080183,5.891212461,3.83E-09,2.59E-06,72923,-,0,-,-,-,up
vOUT457,955.9341993,2.606772211,0.754192904,3.456373291,0.000547497,0.014727657,71229,species:Faecalibacterium prausnitzii,1,CRISPR-based (DB),d__Bacteria;p__Firmicutes;c__Clostridia;o__Clostridiales;f__Ruminococcaceae;g__Faecalibacterium;s__Faecalibacterium prausnitzii,d__Bacteria;p__Bacillota_A;c__Clostridia;o__Oscillospirales;f__Ruminococcaceae;g__Faecalibacterium;s__Faecalibacterium prausnitzii_E,up
vOUT469,2071.54027,1.95126115,0.608862861,3.20476297,0.001351737,0.024954134,54060,species:Streptococcus salivarius,1,CRISPR-based (DB),d__Bacteria;p__Firmicutes;c__Bacilli;o__Lactobacillales;f__Streptococcaceae;g__Streptococcus;s__Streptococcus salivarius,d__Bacteria;p__Bacillota;c__Bacilli;o__Lactobacillales;f__Streptococcaceae;g__Streptococcus;s__Streptococcus sp001556435,up
vOUT471,894.0486516,2.349034248,0.559847193,4.195848937,2.72E-05,0.002127042,52296,species:Anaerostipes hadrus,1,CRISPR-based (DB),d__Bacteria;p__Firmicutes;c__Clostridia;o__Clostridiales;f__Lachnospiraceae;g__Anaerostipes;s__Anaerostipes hadrus,d__Bacteria;p__Bacillota_A;c__Clostridia;o__Lachnospirales;f__Lachnospiraceae;g__Anaerostipes;s__Anaerostipes hadrus,up
vOUT48,57130.26611,1.491450231,0.497652989,2.996968295,0.002726791,0.037094104,99673,species:Bacteroides fragilis,0.94,CRISPR-based (DB),d__Bacteria;p__Bacteroidetes;c__Bacteroidia;o__Bacteroidales;f__Bacteroidaceae;g__Bacteroides;s__Bacteroides fragilis,d__Bacteria;p__Bacteroidota;c__Bacteroidia;o__Bacteroidales;f__Bacteroidaceae;g__Bacteroides;s__Bacteroides hominis,up
vOUT52,32249.86328,3.907411611,1.224414311,3.191249545,0.001416589,0.025648428,83663,-,0,-,-,-,up
vOUT535,8251.590174,1.884988161,0.605547619,3.112865282,0.001852806,0.03087463,87504,species:Faecalibacterium sp. Marseille-P9312,1,CRISPR-based (DB),d__Bacteria;p__Firmicutes;c__Clostridia;o__Clostridiales;f__Ruminococcaceae;g__Faecalibacterium;s__Faecalibacterium sp. Marseille-P9312,d__Bacteria;p__Bacillota_A;c__Clostridia;o__Oscillospirales;f__Ruminococcaceae;g__Faecalibacterium;s__Faecalibacterium longum,up
vOUT538,14932.83587,-1.18429751,0.377001506,-3.141360154,0.001681651,0.028786807,64052,species:Roseburia inulinivorans,1,CRISPR-based (DB),d__Bacteria;p__Firmicutes;c__Clostridia;o__Clostridiales;f__Lachnospiraceae;g__Roseburia;s__Roseburia inulinivorans,d__Bacteria;p__Bacillota_A;c__Clostridia;o__Lachnospirales;f__Lachnospiraceae;g__Roseburia;s__Roseburia inulinivorans,down
vOUT554,1003.032035,1.502953008,0.479767649,3.132668516,0.00173225,0.029123446,39383,species:Faecalibacterium prausnitzii,1,CRISPR-based (DB),d__Bacteria;p__Firmicutes;c__Clostridia;o__Clostridiales;f__Ruminococcaceae;g__Faecalibacterium;s__Faecalibacterium prausnitzii,d__Bacteria;p__Bacillota_A;c__Clostridia;o__Oscillospirales;f__Ruminococcaceae;g__Faecalibacterium;s__Faecalibacterium prausnitzii,up
vOUT573,8126.188317,3.114486168,0.815700585,3.818173268,0.000134443,0.006328927,163892,species:Bifidobacterium longum,1,CRISPR-based (DB),d__Bacteria;p__Actinobacteria;c__Actinobacteria;o__Bifidobacteriales;f__Bifidobacteriaceae;g__Bifidobacterium;s__Bifidobacterium longum,d__Bacteria;p__Actinomycetota;c__Actinomycetes;o__Actinomycetales;f__Bifidobacteriaceae;g__Bifidobacterium;s__Bifidobacterium longum,up
vOUT579,12687.29711,1.862960197,0.460001453,4.049900682,5.12E-05,0.003112379,136030,species:Clostridium sp. OF09-36,1,CRISPR-based (DB),d__Bacteria;p__Firmicutes;c__Clostridia;o__Clostridiales;f__Clostridiaceae;g__Clostridium;s__Clostridium sp. OF09-36,d__Bacteria;p__Bacillota_A;c__Clostridia;o__Lachnospirales;f__Lachnospiraceae;g__Brotaphodocola;s__Brotaphodocola sp003506385,up
vOUT602,6555.934096,3.136138461,1.065912459,2.942210153,0.003258787,0.041743509,72897,species:Sanguibacteroides justesenii,1,CRISPR-based (DB),d__Bacteria;p__Bacteroidetes;c__Bacteroidia;o__Bacteroidales;f__Porphyromonadaceae;g__Sanguibacteroides;s__Sanguibacteroides justesenii,d__Bacteria;p__Bacteroidota;c__Bacteroidia;o__Bacteroidales;f__Marinifilaceae;g__Gabonibacter;s__Gabonibacter massiliensis,up
vOUT607,2783.260005,1.520100569,0.463741985,3.277901541,0.001045819,0.022126703,67333,species:Blautia obeum,1,CRISPR-based (DB),d__Bacteria;p__Firmicutes;c__Clostridia;o__Clostridiales;f__Lachnospiraceae;g__Blautia;s__Blautia obeum,d__Bacteria;p__Bacillota_A;c__Clostridia;o__Lachnospirales;f__Lachnospiraceae;g__Blautia_A;s__Blautia_A fusiformis,up
vOUT63,587.8632465,2.261076685,0.670026007,3.374610329,0.000739203,0.017372471,45815,species:Blautia sp. An81,0.94,CRISPR-based (DB),d__Bacteria;p__Firmicutes;c__Clostridia;o__Clostridiales;f__Lachnospiraceae;g__Blautia;s__Blautia sp. An81,d__Bacteria;p__Bacillota_A;c__Clostridia;o__Lachnospirales;f__Lachnospiraceae;g__Blautia;s__Blautia ornithocaccae,up
vOUT632,12773.2331,2.270795475,0.642079901,3.536624447,0.000405276,0.013381398,441916,species:Aggregatibacter aphrophilus,0.91,CRISPR-based (DB),d__Bacteria;p__Proteobacteria;c__Gammaproteobacteria;o__Pasteurellales;f__Pasteurellaceae;g__Aggregatibacter;s__Aggregatibacter aphrophilus,d__Bacteria;p__Pseudomonadota;c__Gammaproteobacteria;o__Enterobacterales;f__Pasteurellaceae;g__Aggregatibacter;s__Aggregatibacter aphrophilus,up
vOUT642,1402.521633,1.845460349,0.533786101,3.457303113,0.000545611,0.014727657,112827,species:Streptococcus thermophilus,1,CRISPR-based (DB),d__Bacteria;p__Firmicutes;c__Bacilli;o__Lactobacillales;f__Streptococcaceae;g__Streptococcus;s__Streptococcus thermophilus,Not found,up
vOUT684,167261.4284,2.665210798,0.861515535,3.093630573,0.001977235,0.03168111,476198,species:Oblitimonas alkaliphila,0.93,CRISPR-based (DB),d__Bacteria;p__Proteobacteria;c__Gammaproteobacteria;o__Pseudomonadales;f__Pseudomonadaceae;g__Oblitimonas;s__Oblitimonas alkaliphila,d__Bacteria;p__Pseudomonadota;c__Gammaproteobacteria;o__Pseudomonadales;f__Pseudomonadaceae;g__Thiopseudomonas;s__Thiopseudomonas alkaliphila,up
vOUT689,3828.561097,2.840599158,0.607010498,4.679654089,2.87E-06,0.000491907,228279,species:Anaerostipes hadrus,0.97,CRISPR-based (DB),d__Bacteria;p__Firmicutes;c__Clostridia;o__Clostridiales;f__Lachnospiraceae;g__Anaerostipes;s__Anaerostipes hadrus,d__Bacteria;p__Bacillota_A;c__Clostridia;o__Lachnospirales;f__Lachnospiraceae;g__Anaerostipes;s__Anaerostipes hadrus,up
vOUT692,2513.552835,-3.15723481,0.848489606,-3.721005875,0.000198431,0.008689424,191067,species:Clostridium saccharoperbutylacetonicum,0.94,CRISPR-based (DB),d__Bacteria;p__Firmicutes;c__Clostridia;o__Clostridiales;f__Clostridiaceae;g__Clostridium;s__Clostridium saccharoperbutylacetonicum,d__Bacteria;p__Bacillota_A;c__Clostridia;o__Clostridiales;f__Clostridiaceae;g__Clostridium;s__Clostridium saccharoperbutylacetonicum,down
vOUT721,5858.759941,1.618848097,0.48567341,3.333203064,0.000858523,0.0190188,21972,species:Bacteroides sp. AM25-34,1,CRISPR-based (DB),d__Bacteria;p__Bacteroidetes;c__Bacteroidia;o__Bacteroidales;f__Bacteroidaceae;g__Bacteroides;s__Bacteroides sp. AM25-34,Not found,up
vOUT725,7072.297482,-2.550602704,0.68961123,-3.698609583,0.000216784,0.00926565,517014,species:Lachnospiraceae bacterium AM40-2BH,1,CRISPR-based (DB),d__Bacteria;p__Firmicutes;c__Clostridia;o__Clostridiales;f__Lachnospiraceae;g__NAmissing;s__Lachnospiraceae bacterium AM40-2BH,Not found,down
vOUT731,21320.71598,1.15236876,0.332790488,3.462745485,0.000534694,0.014727657,124833,species:Blautia sp. AF26-2,1,CRISPR-based (DB),d__Bacteria;p__Firmicutes;c__Clostridia;o__Clostridiales;f__Lachnospiraceae;g__Blautia;s__Blautia sp. AF26-2,d__Bacteria;p__Bacillota_A;c__Clostridia;o__Lachnospirales;f__Lachnospiraceae;g__Fusicatenibacter;s__Fusicatenibacter saccharivorans,up
vOUT733,823.4504121,1.696255195,0.561318998,3.02190947,0.002511857,0.03655605,104710,species:Tyzzerella nexilis,1,CRISPR-based (DB),d__Bacteria;p__Firmicutes;c__Clostridia;o__Clostridiales;f__Lachnospiraceae;g__Tyzzerella;s__Tyzzerella nexilis,Not found,up
vOUT734,3063.155923,-2.378916025,0.613452578,-3.877913488,0.000105356,0.005086812,101438,species:[Ruminococcus] gnavus,0.91,CRISPR-based (DB),d__Bacteria;p__Firmicutes;c__Clostridia;o__Clostridiales;f__Lachnospiraceae;g__Blautia;s__[Ruminococcus] gnavus,d__Bacteria;p__Bacillota_A;c__Clostridia;o__Lachnospirales;f__Lachnospiraceae;g__Ruminococcus_B;s__Ruminococcus_B gnavus,down
vOUT741,1406.841002,3.053236082,0.618274588,4.93831728,7.88E-07,0.000185474,69670,-,0,-,-,-,up
vOUT744,3408.772427,2.907614608,0.971610285,2.992572898,0.002766366,0.037207622,68540,species:Klebsiella variicola,1,CRISPR-based (DB),d__Bacteria;p__Proteobacteria;c__Gammaproteobacteria;o__Enterobacterales;f__Enterobacteriaceae;g__Klebsiella;s__Klebsiella variicola,d__Bacteria;p__Pseudomonadota;c__Gammaproteobacteria;o__Enterobacterales;f__Enterobacteriaceae;g__Klebsiella;s__Klebsiella variicola,up
vOUT746,3649.815944,1.19641008,0.384960407,3.107878258,0.001884357,0.031032044,63481,species:Faecalibacterium prausnitzii,1,CRISPR-based (DB),d__Bacteria;p__Firmicutes;c__Clostridia;o__Clostridiales;f__Ruminococcaceae;g__Faecalibacterium;s__Faecalibacterium prausnitzii,d__Bacteria;p__Bacillota_A;c__Clostridia;o__Oscillospirales;f__Ruminococcaceae;g__Faecalibacterium;s__Faecalibacterium prausnitzii,up
vOUT758,589.3252172,2.371103601,0.767369071,3.089912912,0.002002152,0.03168111,37125,species:Lachnospiraceae bacterium,1,CRISPR-based (DB),d__Bacteria;p__Firmicutes;c__Clostridia;o__Clostridiales;f__Lachnospiraceae;g__NAmissing;s__Lachnospiraceae bacterium,Not found,up
vOUT78,13383.20042,1.513956145,0.489899248,3.090341842,0.001999262,0.03168111,180877,species:Bacteroides fragilis,0.92,CRISPR-based (DB),d__Bacteria;p__Bacteroidetes;c__Bacteroidia;o__Bacteroidales;f__Bacteroidaceae;g__Bacteroides;s__Bacteroides fragilis,d__Bacteria;p__Bacteroidota;c__Bacteroidia;o__Bacteroidales;f__Bacteroidaceae;g__Bacteroides;s__Bacteroides hominis,up
vOUT8,18564.51846,1.657864801,0.576390576,2.876287138,0.004023835,0.047849299,124080,species:Bacteroides faecis,1,CRISPR-based (DB),d__Bacteria;p__Bacteroidetes;c__Bacteroidia;o__Bacteroidales;f__Bacteroidaceae;g__Bacteroides;s__Bacteroides faecis,d__Bacteria;p__Bacteroidota;c__Bacteroidia;o__Bacteroidales;f__Bacteroidaceae;g__Bacteroides;s__Bacteroides faecis,up
vOUT816,36881.43033,2.855315759,0.897333314,3.182001284,0.001462612,0.026229503,283914,species:Clostridium sp. AF34-10BH,0.97,CRISPR-based (DB),d__Bacteria;p__Firmicutes;c__Clostridia;o__Clostridiales;f__Clostridiaceae;g__Clostridium;s__Clostridium sp. AF34-10BH,d__Bacteria;p__Bacillota_A;c__Clostridia;o__Lachnospirales;f__Lachnospiraceae;g__Acetatifactor;s__Acetatifactor acetigignens,up
vOUT818,78907.77969,2.545651798,0.707623885,3.597464489,0.000321334,0.012101452,235937,species:Syntrophaceticus schinkii,0.94,CRISPR-based (DB),d__Bacteria;p__Firmicutes;c__Clostridia;o__Thermoanaerobacterales;f__Thermoanaerobacterales Family III. Incertae Sedis;g__Syntrophaceticus;s__Syntrophaceticus schinkii,d__Bacteria;p__Bacillota_B;c__DSM-12270;o__Thermacetogeniales;f__Thermacetogeniaceae;g__Syntrophaceticus;s__Syntrophaceticus schinkii,up
vOUT827,1961.501797,4.376127194,0.969288005,4.514785257,6.34E-06,0.000776573,169204,species:Bifidobacterium pseudocatenulatum,1,CRISPR-based (DB),d__Bacteria;p__Actinobacteria;c__Actinobacteria;o__Bifidobacteriales;f__Bifidobacteriaceae;g__Bifidobacterium;s__Bifidobacterium pseudocatenulatum,d__Bacteria;p__Actinomycetota;c__Actinomycetes;o__Actinomycetales;f__Bifidobacteriaceae;g__Bifidobacterium;s__Bifidobacterium pseudocatenulatum,up
vOUT837,1023.638536,2.696444736,0.513728238,5.248776559,1.53E-07,5.77E-05,119608,species:Lachnospiraceae bacterium,0.97,CRISPR-based (DB),d__Bacteria;p__Firmicutes;c__Clostridia;o__Clostridiales;f__Lachnospiraceae;g__NAmissing;s__Lachnospiraceae bacterium,Not found,up
vOUT842,902.1811215,2.105214688,0.652929581,3.224259933,0.001262987,0.023878407,106734,species:[Eubacterium] eligens,1,CRISPR-based (DB),d__Bacteria;p__Firmicutes;c__Clostridia;o__Clostridiales;f__Eubacteriaceae;g__Eubacterium;s__[Eubacterium] eligens,d__Bacteria;p__Bacillota_A;c__Clostridia;o__Lachnospirales;f__Lachnospiraceae;g__Lachnospira;s__Lachnospira eligens_A,up
vOUT855,4345.222989,2.017441952,0.559953485,3.602874177,0.000314718,0.012094159,80731,species:Faecalibacterium prausnitzii,1,CRISPR-based (DB),d__Bacteria;p__Firmicutes;c__Clostridia;o__Clostridiales;f__Ruminococcaceae;g__Faecalibacterium;s__Faecalibacterium prausnitzii,d__Bacteria;p__Bacillota_A;c__Clostridia;o__Oscillospirales;f__Ruminococcaceae;g__Faecalibacterium;s__Faecalibacterium prausnitzii_F,up
vOUT894,4294.493757,2.311367509,0.501211042,4.611565417,4.00E-06,0.000578875,337853,species:Firmicutes bacterium AF36-19BH,0.97,CRISPR-based (DB),d__Bacteria;p__Firmicutes;c__NAmissing;o__NAmissing;f__NAmissing;g__NAmissing;s__Firmicutes bacterium AF36-19BH,Not found,up
vOUT903,3353.154353,2.333690409,0.665462802,3.506868307,0.000453413,0.014229626,136668,species:Peptostreptococcaceae bacterium ZHW00191,0.94,CRISPR-based (DB),d__Bacteria;p__Firmicutes;c__Clostridia;o__Clostridiales;f__Peptostreptococcaceae;g__NAmissing;s__Peptostreptococcaceae bacterium ZHW00191,d__Bacteria;p__Bacillota_A;c__Clostridia;o__Peptostreptococcales;f__Peptostreptococcaceae;g__Peptacetobacter;s__Peptacetobacter hominis,up
vOUT909,4967.964418,4.348756074,1.328344769,3.273815786,0.001061058,0.022199683,93549,species:Prevotella copri,1,CRISPR-based (DB),d__Bacteria;p__Bacteroidetes;c__Bacteroidia;o__Bacteroidales;f__Prevotellaceae;g__Prevotella;s__Prevotella copri,d__Bacteria;p__Bacteroidota;c__Bacteroidia;o__Bacteroidales;f__Bacteroidaceae;g__Prevotella;s__Prevotella copri_B,up
vOUT910,828.9908675,2.801408712,0.593461261,4.720457583,2.35E-06,0.000443098,92317,species:Streptococcus thermophilus,1,CRISPR-based (DB),d__Bacteria;p__Firmicutes;c__Bacilli;o__Lactobacillales;f__Streptococcaceae;g__Streptococcus;s__Streptococcus thermophilus,Not found,up
vOUT938,1009.128819,2.379615053,0.699932712,3.39977688,0.000674409,0.016865969,36644,-,0,-,-,-,up
vOUT967,11999.97014,5.241427941,1.700993796,3.081391568,0.002060355,0.032263868,83771,species:Bacteroides vulgatus,0.97,CRISPR-based (DB),d__Bacteria;p__Bacteroidetes;c__Bacteroidia;o__Bacteroidales;f__Bacteroidaceae;g__Bacteroides;s__Bacteroides vulgatus,d__Bacteria;p__Bacteroidota;c__Bacteroidia;o__Bacteroidales;f__Bacteroidaceae;g__Phocaeicola;s__Phocaeicola vulgatus,up
vOUT99,1602.704471,1.272683251,0.392471655,3.24273928,0.001183865,0.023826876,49149,species:Faecalibacterium prausnitzii,1,CRISPR-based (DB),d__Bacteria;p__Firmicutes;c__Clostridia;o__Clostridiales;f__Ruminococcaceae;g__Faecalibacterium;s__Faecalibacterium prausnitzii,d__Bacteria;p__Bacillota_A;c__Clostridia;o__Oscillospirales;f__Ruminococcaceae;g__Faecalibacterium;s__Faecalibacterium prausnitzii,up
