Accession	Length	TYPE	PhaTYPScore
vOUT1	681482	temperate	0.99
vOUT2	304346	virulent	1.0
vOUT3	206964	virulent	1.0
vOUT4	201911	virulent	0.98
vOUT5	164071	temperate	1.0
vOUT6	145288	virulent	1.0
vOUT7	140203	temperate	1.0
vOUT8	124080	virulent	1.0
vOUT9	109680	temperate	0.78
vOUT10	97052	virulent	0.78
vOUT11	96166	virulent	0.99
vOUT12	94059	temperate	1.0
vOUT13	91973	virulent	1.0
vOUT14	86896	virulent	1.0
vOUT15	78331	temperate	0.93
vOUT16	77584	virulent	0.96
vOUT17	67653	virulent	0.88
vOUT18	65953	virulent	1.0
vOUT19	57154	virulent	0.51
vOUT20	55544	temperate	0.95
vOUT21	48760	virulent	1.0
vOUT22	48067	temperate	1.0
vOUT23	45209	temperate	1.0
vOUT24	45195	virulent	1.0
vOUT25	44309	temperate	1.0
vOUT26	40317	temperate	1.0
vOUT27	38636	temperate	0.99
vOUT28	33354	virulent	1.0
vOUT29	31601	virulent	1.0
vOUT30	20379	temperate	1.0
vOUT32	4892	virulent	1.0
vOUT33	247777	temperate	0.98
vOUT34	213147	temperate	1.0
vOUT35	206066	virulent	1.0
vOUT36	199930	virulent	1.0
vOUT37	185547	virulent	1.0
vOUT38	173549	temperate	1.0
vOUT39	143925	temperate	1.0
vOUT40	142178	temperate	1.0
vOUT41	136777	virulent	1.0
vOUT42	131319	virulent	0.8
vOUT43	119963	temperate	0.72
vOUT44	115081	virulent	1.0
vOUT45	109359	temperate	1.0
vOUT46	107502	temperate	1.0
vOUT47	100502	temperate	0.99
vOUT48	99673	temperate	1.0
vOUT49	98461	virulent	1.0
vOUT50	96407	-	0
vOUT51	85374	virulent	1.0
vOUT52	83663	temperate	1.0
vOUT53	79698	virulent	1.0
vOUT54	66438	temperate	1.0
vOUT55	59761	virulent	1.0
vOUT56	59354	temperate	0.93
vOUT57	57562	virulent	0.62
vOUT58	55824	virulent	0.98
vOUT59	54491	virulent	0.97
vOUT60	50454	virulent	1.0
vOUT61	50356	virulent	1.0
vOUT62	47509	temperate	1.0
vOUT63	45815	temperate	1.0
vOUT64	40649	temperate	1.0
vOUT65	40063	temperate	1.0
vOUT66	35586	temperate	1.0
vOUT67	35415	virulent	1.0
vOUT68	34944	virulent	1.0
vOUT69	34332	virulent	1.0
vOUT70	26637	virulent	1.0
vOUT71	4991	virulent	1.0
vOUT72	378405	virulent	0.98
vOUT73	319250	virulent	1.0
vOUT74	234899	temperate	0.99
vOUT75	228526	virulent	0.93
vOUT76	222224	virulent	0.87
vOUT77	196144	temperate	1.0
vOUT78	180877	temperate	1.0
vOUT79	159467	virulent	1.0
vOUT80	144188	virulent	1.0
vOUT81	135228	temperate	1.0
vOUT82	127832	temperate	0.64
vOUT83	124788	virulent	0.99
vOUT84	121102	temperate	0.97
vOUT85	110292	-	0
vOUT86	97189	virulent	0.95
vOUT87	94346	temperate	1.0
vOUT88	87119	virulent	1.0
vOUT89	85560	virulent	1.0
vOUT90	84552	virulent	1.0
vOUT91	77823	virulent	1.0
vOUT92	72049	temperate	1.0
vOUT93	71379	virulent	0.99
vOUT94	70845	temperate	0.99
vOUT95	67716	virulent	1.0
vOUT96	53090	temperate	1.0
vOUT97	51331	virulent	0.99
vOUT98	49895	virulent	1.0
vOUT99	49149	temperate	1.0
vOUT100	48806	temperate	0.99
vOUT101	43263	temperate	0.99
vOUT102	39291	temperate	0.93
vOUT103	39263	-	0
vOUT104	39254	virulent	1.0
vOUT106	37136	temperate	1.0
vOUT107	35233	temperate	1.0
vOUT108	33585	temperate	1.0
vOUT109	33185	temperate	1.0
vOUT110	32654	temperate	1.0
vOUT111	31713	virulent	0.67
vOUT112	620377	virulent	1.0
vOUT113	494444	-	0
vOUT114	314084	virulent	1.0
vOUT115	313122	temperate	1.0
vOUT116	185333	temperate	1.0
vOUT117	175319	temperate	1.0
vOUT118	148524	virulent	1.0
vOUT119	148154	temperate	1.0
vOUT120	145318	virulent	1.0
vOUT121	136346	virulent	0.84
vOUT122	134252	temperate	1.0
vOUT123	130600	virulent	1.0
vOUT124	123062	virulent	1.0
vOUT125	114999	temperate	1.0
vOUT126	99159	virulent	1.0
vOUT127	96124	temperate	1.0
vOUT128	90509	temperate	1.0
vOUT129	82800	virulent	1.0
vOUT130	81581	temperate	1.0
vOUT131	76645	virulent	1.0
vOUT132	75779	temperate	1.0
vOUT133	64395	virulent	1.0
vOUT134	61721	virulent	1.0
vOUT135	58880	temperate	1.0
vOUT136	53770	temperate	0.93
vOUT137	51064	temperate	1.0
vOUT138	49431	temperate	1.0
vOUT139	49233	virulent	1.0
vOUT140	47085	virulent	1.0
vOUT141	44012	temperate	0.99
vOUT142	43862	virulent	1.0
vOUT143	43719	temperate	1.0
vOUT144	42855	temperate	1.0
vOUT145	42674	temperate	0.99
vOUT146	40838	temperate	0.94
vOUT147	40304	temperate	1.0
vOUT148	37366	temperate	1.0
vOUT149	32294	temperate	1.0
vOUT150	30892	virulent	1.0
vOUT151	29547	temperate	1.0
vOUT152	25602	temperate	1.0
vOUT153	22822	temperate	1.0
vOUT154	5569	virulent	1.0
vOUT156	416390	virulent	1.0
vOUT157	303596	temperate	0.79
vOUT158	294707	virulent	1.0
vOUT159	193082	virulent	0.94
vOUT160	176994	virulent	1.0
vOUT161	155052	virulent	1.0
vOUT162	147567	virulent	1.0
vOUT163	122196	temperate	0.99
vOUT164	119214	temperate	1.0
vOUT165	118322	virulent	1.0
vOUT166	115036	temperate	1.0
vOUT167	97287	virulent	1.0
vOUT168	96292	virulent	1.0
vOUT169	88785	virulent	1.0
vOUT170	86091	virulent	1.0
vOUT171	85281	virulent	1.0
vOUT172	84396	temperate	1.0
vOUT173	82675	virulent	0.99
vOUT174	79309	temperate	0.93
vOUT175	70237	temperate	1.0
vOUT176	66892	temperate	1.0
vOUT177	60673	temperate	1.0
vOUT178	56120	temperate	0.99
vOUT179	52804	temperate	1.0
vOUT180	51906	temperate	1.0
vOUT181	47881	temperate	0.65
vOUT182	47200	virulent	1.0
vOUT183	46569	virulent	0.95
vOUT184	45450	virulent	0.98
vOUT185	43756	temperate	0.77
vOUT186	39805	temperate	0.98
vOUT187	38111	temperate	0.98
vOUT188	35855	virulent	1.0
vOUT189	32960	temperate	1.0
vOUT190	30755	temperate	1.0
vOUT191	23658	temperate	0.92
vOUT192	497725	temperate	0.87
vOUT193	448752	virulent	1.0
vOUT194	422107	-	0
vOUT195	342291	virulent	1.0
vOUT196	250450	temperate	1.0
vOUT197	185645	virulent	1.0
vOUT198	172856	virulent	1.0
vOUT199	170337	virulent	1.0
vOUT200	163218	temperate	1.0
vOUT201	105904	temperate	1.0
vOUT202	105263	virulent	1.0
vOUT203	91422	temperate	0.94
vOUT204	85183	virulent	1.0
vOUT205	79549	temperate	0.99
vOUT206	77797	virulent	1.0
vOUT207	73849	virulent	0.63
vOUT208	72790	virulent	1.0
vOUT209	64816	temperate	1.0
vOUT210	56306	temperate	1.0
vOUT211	53185	virulent	1.0
vOUT212	45243	virulent	0.99
vOUT213	45122	virulent	1.0
vOUT214	45039	temperate	0.78
vOUT215	43085	temperate	1.0
vOUT216	43016	temperate	1.0
vOUT217	42713	temperate	1.0
vOUT218	40581	temperate	1.0
vOUT219	40497	temperate	1.0
vOUT220	36211	virulent	1.0
vOUT221	35669	virulent	0.98
vOUT222	32001	temperate	0.97
vOUT223	30702	temperate	1.0
vOUT226	295006	temperate	1.0
vOUT227	218832	temperate	1.0
vOUT228	139255	virulent	1.0
vOUT229	134804	virulent	0.65
vOUT230	113645	temperate	1.0
vOUT231	110557	temperate	1.0
vOUT232	101768	virulent	0.76
vOUT233	85823	virulent	1.0
vOUT234	84221	virulent	0.69
vOUT235	83874	virulent	1.0
vOUT236	80826	temperate	1.0
vOUT237	76794	virulent	0.89
vOUT238	67067	temperate	0.71
vOUT239	62087	-	0
vOUT240	60830	temperate	1.0
vOUT241	54746	temperate	1.0
vOUT242	47300	virulent	0.99
vOUT243	45682	virulent	1.0
vOUT244	43910	temperate	1.0
vOUT245	43795	virulent	1.0
vOUT246	38801	temperate	1.0
vOUT247	36165	virulent	0.78
vOUT248	36113	temperate	1.0
vOUT249	35573	temperate	1.0
vOUT250	35179	temperate	0.93
vOUT251	35121	virulent	1.0
vOUT252	34373	temperate	0.96
vOUT253	32750	virulent	1.0
vOUT254	9672	temperate	1.0
vOUT255	9490	temperate	1.0
vOUT256	8421	temperate	1.0
vOUT257	279170	virulent	0.64
vOUT258	260729	virulent	1.0
vOUT259	236632	virulent	1.0
vOUT260	214259	virulent	1.0
vOUT261	206981	virulent	1.0
vOUT262	200966	virulent	0.97
vOUT263	184382	-	0
vOUT264	182679	virulent	1.0
vOUT265	179641	virulent	1.0
vOUT266	161988	virulent	1.0
vOUT267	128082	virulent	1.0
vOUT268	127536	virulent	1.0
vOUT269	107862	virulent	1.0
vOUT270	107253	temperate	0.95
vOUT271	105955	virulent	0.65
vOUT272	100524	virulent	1.0
vOUT273	83821	virulent	1.0
vOUT274	73308	virulent	0.92
vOUT275	58651	temperate	1.0
vOUT276	52773	temperate	1.0
vOUT277	52356	temperate	1.0
vOUT278	51845	virulent	1.0
vOUT279	49711	virulent	0.99
vOUT280	45967	temperate	1.0
vOUT281	42889	temperate	1.0
vOUT282	41748	temperate	1.0
vOUT283	37686	virulent	1.0
vOUT284	35805	temperate	1.0
vOUT285	33885	temperate	0.97
vOUT286	32898	temperate	1.0
vOUT287	30198	temperate	1.0
vOUT288	30089	temperate	0.98
vOUT289	24681	virulent	0.52
vOUT290	6278	temperate	0.93
vOUT292	174082	temperate	1.0
vOUT293	158883	virulent	1.0
vOUT294	114916	virulent	1.0
vOUT295	104690	virulent	1.0
vOUT296	103076	virulent	1.0
vOUT297	93885	virulent	1.0
vOUT298	79377	virulent	0.89
vOUT299	67940	temperate	1.0
vOUT300	67240	temperate	0.9
vOUT301	64066	temperate	0.88
vOUT302	55313	temperate	1.0
vOUT303	52410	temperate	1.0
vOUT304	47923	temperate	1.0
vOUT305	47179	temperate	0.99
vOUT306	42953	temperate	1.0
vOUT307	40445	temperate	1.0
vOUT308	39364	temperate	0.99
vOUT309	36408	temperate	0.96
vOUT310	36243	temperate	1.0
vOUT311	35647	temperate	1.0
vOUT312	34945	temperate	1.0
vOUT313	34248	temperate	1.0
vOUT314	33938	temperate	1.0
vOUT315	31178	temperate	1.0
vOUT316	31036	temperate	1.0
vOUT317	25993	temperate	1.0
vOUT318	23607	temperate	1.0
vOUT319	19664	virulent	1.0
vOUT320	7640	virulent	1.0
vOUT321	250434	virulent	0.99
vOUT322	208225	temperate	0.97
vOUT323	195531	virulent	1.0
vOUT324	168565	temperate	1.0
vOUT325	168395	virulent	1.0
vOUT326	157014	virulent	1.0
vOUT327	151669	temperate	1.0
vOUT328	133311	temperate	0.52
vOUT329	132239	temperate	1.0
vOUT330	129016	temperate	1.0
vOUT331	123724	virulent	1.0
vOUT332	120524	virulent	1.0
vOUT333	115043	virulent	1.0
vOUT334	113325	temperate	1.0
vOUT335	111297	virulent	1.0
vOUT336	109644	temperate	1.0
vOUT337	107104	virulent	1.0
vOUT338	101988	temperate	0.99
vOUT339	100906	virulent	1.0
vOUT340	98878	virulent	1.0
vOUT341	97996	virulent	1.0
vOUT342	96798	virulent	1.0
vOUT343	95459	virulent	0.96
vOUT344	87614	virulent	1.0
vOUT345	86851	virulent	1.0
vOUT346	86850	virulent	1.0
vOUT347	83636	temperate	1.0
vOUT348	79812	virulent	1.0
vOUT349	78775	virulent	0.64
vOUT350	75929	temperate	0.78
vOUT351	70125	-	0
vOUT352	68788	temperate	1.0
vOUT353	66695	virulent	1.0
vOUT354	64287	virulent	1.0
vOUT355	62761	temperate	1.0
vOUT356	62614	virulent	1.0
vOUT357	61427	virulent	1.0
vOUT358	58858	temperate	1.0
vOUT359	58738	virulent	1.0
vOUT360	57426	temperate	1.0
vOUT361	57226	temperate	0.62
vOUT362	56646	virulent	0.94
vOUT363	54867	virulent	0.99
vOUT364	53620	temperate	1.0
vOUT365	53450	virulent	0.99
vOUT366	53312	virulent	1.0
vOUT367	52426	temperate	1.0
vOUT368	51770	virulent	1.0
vOUT369	49970	virulent	0.96
vOUT370	49351	temperate	1.0
vOUT371	48786	temperate	1.0
vOUT372	48303	virulent	0.56
vOUT373	48073	virulent	0.99
vOUT374	45220	temperate	1.0
vOUT375	45026	temperate	1.0
vOUT376	43377	temperate	1.0
vOUT377	42914	temperate	1.0
vOUT378	42355	temperate	0.91
vOUT379	40396	temperate	1.0
vOUT380	40394	virulent	1.0
vOUT381	40109	virulent	0.79
vOUT382	39293	temperate	1.0
vOUT383	39134	temperate	1.0
vOUT384	36705	temperate	1.0
vOUT385	36450	temperate	1.0
vOUT386	35960	temperate	0.85
vOUT387	35893	temperate	1.0
vOUT388	31050	temperate	1.0
vOUT389	30673	temperate	1.0
vOUT390	29243	temperate	1.0
vOUT391	28950	temperate	0.98
vOUT392	28225	temperate	1.0
vOUT393	23160	temperate	0.98
vOUT394	23058	virulent	0.82
vOUT395	10728	virulent	0.87
vOUT396	9499	temperate	0.58
vOUT397	6096	-	0
vOUT398	775125	temperate	1.0
vOUT399	557591	virulent	1.0
vOUT400	526500	temperate	0.88
vOUT401	341078	virulent	1.0
vOUT402	280939	temperate	1.0
vOUT403	267529	virulent	1.0
vOUT404	248461	virulent	0.63
vOUT405	233612	temperate	1.0
vOUT406	226399	virulent	1.0
vOUT407	225453	virulent	1.0
vOUT408	222003	temperate	1.0
vOUT409	217471	virulent	1.0
vOUT410	207885	virulent	0.99
vOUT411	207310	virulent	1.0
vOUT412	203510	temperate	0.96
vOUT413	199086	temperate	1.0
vOUT414	196079	temperate	0.99
vOUT415	192249	temperate	1.0
vOUT416	186951	temperate	0.99
vOUT417	182426	virulent	1.0
vOUT418	178538	temperate	1.0
vOUT419	178226	temperate	1.0
vOUT420	171818	temperate	0.89
vOUT421	158541	temperate	1.0
vOUT422	156737	temperate	1.0
vOUT423	141188	temperate	1.0
vOUT424	129661	virulent	0.98
vOUT425	128621	-	0
vOUT426	127615	temperate	1.0
vOUT427	122144	virulent	0.99
vOUT428	117459	temperate	1.0
vOUT429	107573	temperate	0.98
vOUT430	107198	virulent	0.87
vOUT431	104676	virulent	1.0
vOUT432	101987	virulent	1.0
vOUT433	96939	virulent	0.95
vOUT434	95030	temperate	1.0
vOUT435	93767	virulent	1.0
vOUT436	93663	temperate	1.0
vOUT437	93272	virulent	1.0
vOUT438	92351	temperate	1.0
vOUT439	89881	temperate	0.98
vOUT440	89773	temperate	1.0
vOUT441	89634	temperate	1.0
vOUT442	84324	temperate	0.78
vOUT443	84303	temperate	1.0
vOUT444	83782	temperate	1.0
vOUT445	81551	temperate	1.0
vOUT446	80394	temperate	1.0
vOUT447	78512	temperate	1.0
vOUT448	77969	virulent	1.0
vOUT449	77361	temperate	1.0
vOUT450	77331	virulent	0.98
vOUT451	76618	virulent	1.0
vOUT452	75898	temperate	1.0
vOUT453	74409	virulent	0.99
vOUT454	73404	temperate	1.0
vOUT455	73280	temperate	1.0
vOUT456	72923	-	0
vOUT457	71229	virulent	1.0
vOUT458	66632	virulent	1.0
vOUT459	66298	temperate	1.0
vOUT460	65261	temperate	1.0
vOUT461	64415	temperate	1.0
vOUT462	63874	temperate	1.0
vOUT463	63573	temperate	1.0
vOUT464	62354	temperate	1.0
vOUT465	61028	virulent	1.0
vOUT466	57951	temperate	1.0
vOUT467	55935	temperate	1.0
vOUT468	54579	temperate	1.0
vOUT469	54060	temperate	0.72
vOUT470	52811	temperate	1.0
vOUT471	52296	temperate	1.0
vOUT472	51119	virulent	0.93
vOUT473	50876	temperate	1.0
vOUT474	50409	temperate	1.0
vOUT475	48987	virulent	1.0
vOUT476	48463	virulent	1.0
vOUT477	44099	virulent	0.5
vOUT478	43550	virulent	0.85
vOUT479	41285	temperate	1.0
vOUT480	41102	temperate	0.79
vOUT481	39796	virulent	1.0
vOUT482	39766	temperate	1.0
vOUT483	39284	temperate	1.0
vOUT484	39216	temperate	1.0
vOUT485	39054	virulent	1.0
vOUT486	38084	temperate	1.0
vOUT487	37772	temperate	0.84
vOUT488	36901	temperate	1.0
vOUT489	36168	temperate	1.0
vOUT490	35825	temperate	1.0
vOUT491	35140	temperate	1.0
vOUT492	35082	temperate	0.99
vOUT493	35029	temperate	0.97
vOUT494	34920	temperate	0.99
vOUT495	34615	virulent	1.0
vOUT496	34529	temperate	1.0
vOUT497	33789	temperate	1.0
vOUT498	33593	virulent	1.0
vOUT499	33099	temperate	1.0
vOUT500	32857	temperate	1.0
vOUT501	32163	temperate	1.0
vOUT502	31321	temperate	1.0
vOUT503	27662	temperate	1.0
vOUT504	26561	temperate	1.0
vOUT505	25188	temperate	1.0
vOUT506	22342	temperate	0.69
vOUT507	9290	temperate	1.0
vOUT508	6973	temperate	1.0
vOUT510	407087	virulent	1.0
vOUT511	403649	temperate	0.98
vOUT512	361999	temperate	1.0
vOUT513	237416	virulent	1.0
vOUT514	230190	temperate	1.0
vOUT515	222608	temperate	1.0
vOUT516	197599	virulent	0.99
vOUT517	168662	temperate	1.0
vOUT518	161342	temperate	1.0
vOUT519	154206	virulent	1.0
vOUT520	141904	-	0
vOUT521	134683	virulent	0.99
vOUT522	132453	temperate	1.0
vOUT523	124497	temperate	1.0
vOUT524	123657	virulent	0.99
vOUT525	121312	-	0
vOUT526	120057	temperate	0.94
vOUT527	119715	virulent	1.0
vOUT528	119399	temperate	1.0
vOUT529	118091	virulent	1.0
vOUT530	117738	temperate	1.0
vOUT531	111958	temperate	1.0
vOUT532	110708	temperate	1.0
vOUT533	104951	temperate	1.0
vOUT534	87754	virulent	1.0
vOUT535	87504	virulent	1.0
vOUT536	67711	temperate	1.0
vOUT537	65161	virulent	1.0
vOUT538	64052	temperate	1.0
vOUT539	58911	temperate	0.56
vOUT540	55811	temperate	1.0
vOUT541	55760	temperate	1.0
vOUT542	55197	temperate	1.0
vOUT543	52724	temperate	0.97
vOUT544	50036	temperate	0.96
vOUT545	49305	temperate	0.76
vOUT546	46990	virulent	1.0
vOUT547	46791	virulent	1.0
vOUT548	46313	temperate	0.92
vOUT549	45122	temperate	0.99
vOUT550	44708	temperate	1.0
vOUT551	42206	temperate	1.0
vOUT552	39949	virulent	1.0
vOUT553	39581	virulent	0.91
vOUT554	39383	virulent	1.0
vOUT555	35263	temperate	1.0
vOUT556	33120	temperate	1.0
vOUT557	32952	virulent	0.99
vOUT558	31374	virulent	0.73
vOUT559	25670	virulent	1.0
vOUT560	10695	temperate	1.0
vOUT561	7522	-	0
vOUT562	868517	virulent	1.0
vOUT563	460557	virulent	1.0
vOUT564	428801	virulent	1.0
vOUT565	393027	temperate	0.98
vOUT566	323072	virulent	1.0
vOUT567	311494	temperate	1.0
vOUT568	275067	temperate	1.0
vOUT569	262096	virulent	0.78
vOUT570	259141	temperate	1.0
vOUT571	240298	virulent	1.0
vOUT572	235586	virulent	1.0
vOUT573	163892	virulent	1.0
vOUT574	152013	virulent	1.0
vOUT575	144785	temperate	0.52
vOUT576	143499	temperate	1.0
vOUT577	136694	temperate	1.0
vOUT578	136400	virulent	1.0
vOUT579	136030	temperate	0.9
vOUT580	134283	temperate	1.0
vOUT581	122694	temperate	1.0
vOUT582	122321	temperate	1.0
vOUT583	121778	temperate	1.0
vOUT584	118418	-	0
vOUT585	117134	virulent	1.0
vOUT586	115952	virulent	1.0
vOUT587	110721	temperate	1.0
vOUT588	101237	virulent	1.0
vOUT589	99015	virulent	1.0
vOUT590	94613	temperate	0.88
vOUT591	92663	virulent	1.0
vOUT592	89203	virulent	0.95
vOUT593	85376	temperate	1.0
vOUT594	83436	temperate	1.0
vOUT595	80489	temperate	1.0
vOUT596	77196	temperate	1.0
vOUT597	75124	temperate	0.78
vOUT598	74996	virulent	0.95
vOUT599	74928	temperate	0.99
vOUT600	74926	temperate	0.76
vOUT601	74672	temperate	1.0
vOUT602	72897	temperate	1.0
vOUT603	71890	temperate	1.0
vOUT604	70726	temperate	1.0
vOUT605	69344	temperate	1.0
vOUT606	67794	virulent	1.0
vOUT607	67333	temperate	1.0
vOUT608	66739	temperate	1.0
vOUT609	66130	virulent	0.96
vOUT610	65479	temperate	1.0
vOUT611	61984	temperate	0.52
vOUT612	57466	virulent	0.94
vOUT613	54053	temperate	1.0
vOUT614	53171	virulent	1.0
vOUT615	51350	virulent	1.0
vOUT616	49064	virulent	0.72
vOUT617	46437	temperate	1.0
vOUT618	45725	temperate	1.0
vOUT619	40397	temperate	1.0
vOUT620	38790	virulent	0.59
vOUT621	38648	virulent	0.87
vOUT622	37727	temperate	0.96
vOUT623	36464	virulent	0.92
vOUT624	36367	temperate	1.0
vOUT625	36017	temperate	1.0
vOUT626	35692	virulent	0.61
vOUT627	35184	temperate	0.92
vOUT628	33046	temperate	1.0
vOUT629	30904	temperate	0.9
vOUT630	30500	virulent	0.91
vOUT631	20299	virulent	1.0
vOUT632	441916	virulent	0.56
vOUT633	313184	virulent	1.0
vOUT634	293234	virulent	1.0
vOUT635	262984	temperate	0.87
vOUT636	215767	virulent	0.99
vOUT637	180801	temperate	0.95
vOUT638	173816	temperate	1.0
vOUT639	168522	virulent	1.0
vOUT640	167859	temperate	1.0
vOUT641	139440	temperate	0.95
vOUT642	112827	temperate	1.0
vOUT643	110619	virulent	1.0
vOUT644	110342	temperate	1.0
vOUT645	110184	virulent	1.0
vOUT646	105983	temperate	1.0
vOUT647	102713	temperate	0.99
vOUT648	100911	virulent	1.0
vOUT649	96949	virulent	1.0
vOUT650	95995	temperate	0.96
vOUT651	80473	virulent	1.0
vOUT652	79033	virulent	1.0
vOUT653	66628	virulent	0.84
vOUT654	64337	virulent	1.0
vOUT655	60779	temperate	1.0
vOUT656	59002	virulent	1.0
vOUT657	57573	virulent	0.86
vOUT658	57420	virulent	1.0
vOUT659	50494	virulent	1.0
vOUT660	46491	temperate	1.0
vOUT661	44912	temperate	0.98
vOUT662	41361	temperate	0.98
vOUT663	41051	virulent	1.0
vOUT664	40477	temperate	1.0
vOUT665	36150	virulent	1.0
vOUT666	36144	virulent	0.99
vOUT667	36077	temperate	1.0
vOUT668	35769	temperate	1.0
vOUT669	34365	temperate	1.0
vOUT670	28597	temperate	1.0
vOUT671	27387	temperate	1.0
vOUT672	24376	temperate	1.0
vOUT673	23343	temperate	1.0
vOUT674	19590	temperate	0.69
vOUT675	18588	temperate	1.0
vOUT676	11372	virulent	1.0
vOUT677	10121	temperate	1.0
vOUT678	9441	temperate	0.7
vOUT679	5277	-	0
vOUT681	4795	virulent	1.0
vOUT682	3099	-	0
vOUT683	575856	temperate	1.0
vOUT684	476198	temperate	0.83
vOUT685	369687	virulent	1.0
vOUT686	367976	virulent	0.53
vOUT687	344971	virulent	1.0
vOUT688	261609	temperate	1.0
vOUT689	228279	virulent	1.0
vOUT690	214421	temperate	0.96
vOUT691	193187	temperate	1.0
vOUT692	191067	temperate	0.72
vOUT693	177457	temperate	0.97
vOUT694	165582	temperate	1.0
vOUT695	146863	temperate	1.0
vOUT696	145554	virulent	1.0
vOUT697	142991	virulent	1.0
vOUT698	135629	temperate	1.0
vOUT699	132850	temperate	1.0
vOUT700	124551	virulent	0.99
vOUT701	110260	virulent	1.0
vOUT702	107919	virulent	0.81
vOUT703	100627	virulent	1.0
vOUT704	92320	-	0
vOUT705	91123	temperate	1.0
vOUT706	88205	temperate	0.88
vOUT707	85592	temperate	1.0
vOUT708	72817	temperate	1.0
vOUT709	72805	temperate	1.0
vOUT710	66430	temperate	1.0
vOUT711	63669	temperate	1.0
vOUT712	61889	virulent	1.0
vOUT713	50915	virulent	1.0
vOUT714	50050	temperate	0.99
vOUT715	45555	virulent	0.8
vOUT716	42379	temperate	1.0
vOUT717	35151	virulent	1.0
vOUT718	31905	virulent	1.0
vOUT719	28786	temperate	1.0
vOUT720	22095	temperate	1.0
vOUT721	21972	temperate	0.86
vOUT723	733353	temperate	1.0
vOUT724	544364	temperate	1.0
vOUT725	517014	temperate	0.99
vOUT726	186306	temperate	1.0
vOUT727	182358	temperate	0.63
vOUT728	164866	virulent	0.99
vOUT729	146897	temperate	0.99
vOUT730	146877	temperate	0.73
vOUT731	124833	virulent	0.99
vOUT732	108978	virulent	1.0
vOUT733	104710	temperate	1.0
vOUT734	101438	temperate	1.0
vOUT735	100902	temperate	1.0
vOUT736	77009	virulent	0.99
vOUT737	76665	temperate	1.0
vOUT738	75773	temperate	0.63
vOUT739	74885	virulent	1.0
vOUT740	74003	virulent	0.76
vOUT741	69670	virulent	1.0
vOUT742	69552	temperate	1.0
vOUT743	69098	temperate	1.0
vOUT744	68540	temperate	1.0
vOUT745	65458	temperate	1.0
vOUT746	63481	temperate	1.0
vOUT747	62358	virulent	1.0
vOUT748	62025	virulent	1.0
vOUT749	61544	temperate	1.0
vOUT750	61429	temperate	1.0
vOUT751	57521	temperate	1.0
vOUT752	55024	temperate	1.0
vOUT753	48355	virulent	0.99
vOUT754	46811	virulent	0.95
vOUT755	42989	temperate	1.0
vOUT756	38039	temperate	1.0
vOUT757	37662	temperate	1.0
vOUT758	37125	temperate	1.0
vOUT759	36298	temperate	1.0
vOUT760	32602	temperate	0.94
vOUT761	32346	temperate	1.0
vOUT762	22858	temperate	1.0
vOUT763	22325	temperate	1.0
vOUT764	9942	temperate	1.0
vOUT765	581115	temperate	1.0
vOUT766	516950	temperate	0.69
vOUT767	471106	virulent	0.79
vOUT768	394351	temperate	0.74
vOUT769	301705	temperate	1.0
vOUT770	233184	temperate	0.9
vOUT771	185058	virulent	0.93
vOUT772	178100	virulent	0.98
vOUT773	176253	virulent	0.99
vOUT774	167274	temperate	1.0
vOUT775	163792	temperate	1.0
vOUT776	157415	virulent	1.0
vOUT777	155156	temperate	1.0
vOUT778	145749	-	0
vOUT779	124570	temperate	1.0
vOUT780	119221	temperate	1.0
vOUT781	112775	virulent	1.0
vOUT782	108855	virulent	1.0
vOUT783	106336	virulent	0.96
vOUT784	84611	virulent	1.0
vOUT785	83281	temperate	1.0
vOUT786	81458	temperate	1.0
vOUT787	79903	temperate	1.0
vOUT788	77237	temperate	1.0
vOUT789	72212	virulent	1.0
vOUT790	71311	temperate	1.0
vOUT791	71146	temperate	1.0
vOUT792	61361	temperate	1.0
vOUT793	61178	virulent	1.0
vOUT794	60862	temperate	1.0
vOUT795	55998	virulent	1.0
vOUT796	55954	temperate	1.0
vOUT797	53770	temperate	0.99
vOUT798	52961	temperate	0.93
vOUT799	48770	temperate	1.0
vOUT800	47136	virulent	0.99
vOUT801	45479	temperate	1.0
vOUT802	42103	temperate	1.0
vOUT803	40769	temperate	0.65
vOUT804	38143	virulent	1.0
vOUT805	35697	virulent	1.0
vOUT806	34338	temperate	0.99
vOUT807	33356	temperate	1.0
vOUT808	19264	temperate	1.0
vOUT809	5268	temperate	1.0
vOUT810	4641	virulent	1.0
vOUT812	646167	temperate	1.0
vOUT813	322495	virulent	1.0
vOUT814	307522	virulent	1.0
vOUT815	285218	virulent	0.53
vOUT816	283914	virulent	0.96
vOUT817	237292	temperate	1.0
vOUT818	235937	virulent	0.93
vOUT819	228316	temperate	1.0
vOUT820	199459	virulent	0.98
vOUT821	196502	virulent	1.0
vOUT822	186162	virulent	0.58
vOUT823	173631	-	0
vOUT824	172332	virulent	1.0
vOUT825	172288	-	0
vOUT826	170115	temperate	1.0
vOUT827	169204	temperate	1.0
vOUT828	162391	temperate	1.0
vOUT829	150660	temperate	1.0
vOUT830	148166	virulent	1.0
vOUT831	146810	virulent	1.0
vOUT832	135695	virulent	0.83
vOUT833	135180	temperate	1.0
vOUT834	132887	virulent	1.0
vOUT835	128044	virulent	0.99
vOUT836	127049	virulent	1.0
vOUT837	119608	virulent	1.0
vOUT838	117460	temperate	0.9
vOUT839	113881	temperate	1.0
vOUT840	111010	temperate	1.0
vOUT841	109039	virulent	1.0
vOUT842	106734	virulent	1.0
vOUT843	100697	virulent	1.0
vOUT844	100602	temperate	1.0
vOUT845	98980	virulent	1.0
vOUT846	97633	virulent	1.0
vOUT847	95429	temperate	1.0
vOUT848	95011	virulent	1.0
vOUT849	93869	temperate	0.95
vOUT850	92201	virulent	0.99
vOUT851	86663	virulent	1.0
vOUT852	84521	temperate	0.98
vOUT853	81460	virulent	0.98
vOUT854	80764	virulent	1.0
vOUT855	80731	temperate	0.93
vOUT856	73681	temperate	1.0
vOUT857	73139	temperate	1.0
vOUT858	70621	virulent	1.0
vOUT859	69857	virulent	0.99
vOUT860	67847	temperate	1.0
vOUT861	66344	temperate	1.0
vOUT862	65918	temperate	0.67
vOUT863	65063	temperate	1.0
vOUT864	64757	virulent	0.98
vOUT865	57600	virulent	1.0
vOUT866	57284	temperate	1.0
vOUT867	51205	temperate	1.0
vOUT868	49847	temperate	1.0
vOUT869	49650	virulent	0.74
vOUT870	48582	temperate	1.0
vOUT871	46509	virulent	1.0
vOUT872	43539	temperate	1.0
vOUT873	43484	temperate	0.94
vOUT874	41650	virulent	0.96
vOUT875	40871	temperate	1.0
vOUT876	40666	temperate	1.0
vOUT877	38150	temperate	1.0
vOUT878	35462	temperate	1.0
vOUT879	34926	temperate	1.0
vOUT880	33638	temperate	1.0
vOUT881	31538	temperate	1.0
vOUT882	31000	virulent	1.0
vOUT883	25671	temperate	1.0
vOUT884	25235	virulent	1.0
vOUT885	20269	temperate	0.92
vOUT886	19195	virulent	0.55
vOUT891	5070	virulent	1.0
vOUT893	846650	virulent	0.99
vOUT894	337853	temperate	0.98
vOUT895	293926	virulent	0.73
vOUT896	279639	temperate	1.0
vOUT897	196663	temperate	1.0
vOUT898	188935	temperate	0.99
vOUT899	158412	temperate	1.0
vOUT900	152327	temperate	0.77
vOUT901	151283	virulent	1.0
vOUT902	146366	virulent	1.0
vOUT903	136668	virulent	1.0
vOUT904	133042	temperate	1.0
vOUT905	121445	temperate	1.0
vOUT906	113451	virulent	0.92
vOUT907	95973	temperate	1.0
vOUT908	94108	virulent	0.86
vOUT909	93549	virulent	1.0
vOUT910	92317	temperate	1.0
vOUT911	90281	virulent	1.0
vOUT912	86303	temperate	1.0
vOUT913	81024	temperate	1.0
vOUT914	73008	virulent	1.0
vOUT915	70679	virulent	1.0
vOUT916	67327	-	0
vOUT917	62477	temperate	1.0
vOUT918	62035	temperate	0.95
vOUT919	61552	temperate	1.0
vOUT920	61405	virulent	0.98
vOUT921	58805	temperate	1.0
vOUT922	57604	temperate	1.0
vOUT923	54655	temperate	1.0
vOUT924	52050	temperate	1.0
vOUT925	49392	temperate	0.9
vOUT926	48955	temperate	1.0
vOUT927	48166	temperate	1.0
vOUT928	46370	virulent	0.91
vOUT929	45763	temperate	1.0
vOUT930	44476	temperate	1.0
vOUT931	41113	temperate	1.0
vOUT932	40431	temperate	1.0
vOUT933	40148	virulent	1.0
vOUT934	39861	virulent	1.0
vOUT935	38850	temperate	1.0
vOUT936	37703	virulent	1.0
vOUT937	36997	temperate	1.0
vOUT938	36644	-	0
vOUT939	36001	temperate	1.0
vOUT940	35374	temperate	1.0
vOUT941	34597	temperate	0.98
vOUT942	33667	temperate	0.75
vOUT943	28088	temperate	0.99
vOUT944	19619	temperate	1.0
vOUT945	10827	temperate	1.0
vOUT946	4123	-	0
vOUT947	527551	virulent	1.0
vOUT948	297864	temperate	0.93
vOUT949	235730	virulent	1.0
vOUT950	231458	temperate	1.0
vOUT951	198851	temperate	1.0
vOUT952	179684	virulent	1.0
vOUT953	174337	temperate	1.0
vOUT954	146522	temperate	1.0
vOUT955	138272	virulent	0.53
vOUT956	134730	virulent	0.99
vOUT957	132313	virulent	1.0
vOUT958	124451	temperate	1.0
vOUT959	116135	virulent	1.0
vOUT960	103275	temperate	0.91
vOUT961	102221	temperate	1.0
vOUT962	94209	temperate	1.0
vOUT963	89327	virulent	0.91
vOUT964	85655	virulent	1.0
vOUT965	85087	temperate	0.98
vOUT966	84383	virulent	1.0
vOUT967	83771	virulent	1.0
vOUT968	74948	temperate	1.0
vOUT969	71540	temperate	1.0
vOUT970	70545	temperate	1.0
vOUT971	70150	virulent	1.0
vOUT972	67365	temperate	1.0
vOUT973	65172	virulent	1.0
vOUT974	62000	virulent	1.0
vOUT975	59622	temperate	1.0
vOUT976	59570	temperate	1.0
vOUT977	59563	temperate	1.0
vOUT978	59260	temperate	1.0
vOUT979	57810	virulent	1.0
vOUT980	57619	virulent	1.0
vOUT981	56597	temperate	1.0
vOUT982	55381	virulent	0.57
vOUT983	54719	temperate	0.86
vOUT984	53109	temperate	1.0
vOUT985	51309	temperate	1.0
vOUT986	49511	virulent	0.68
vOUT987	45222	virulent	0.94
vOUT988	43476	temperate	1.0
vOUT989	43395	temperate	1.0
vOUT990	43248	temperate	1.0
vOUT991	41108	temperate	1.0
vOUT992	38705	temperate	1.0
vOUT993	34942	temperate	0.98
vOUT994	34696	temperate	1.0
vOUT995	34581	temperate	1.0
vOUT996	33338	temperate	1.0
vOUT997	32839	temperate	0.94
vOUT998	21306	temperate	1.0
vOUT999	19415	virulent	1.0
vOUT1000	352459	temperate	0.53
vOUT1001	251424	temperate	1.0
vOUT1002	243274	temperate	1.0
vOUT1003	238379	virulent	1.0
vOUT1004	233826	virulent	1.0
vOUT1005	213795	virulent	0.99
vOUT1006	194969	temperate	1.0
vOUT1007	177042	temperate	1.0
vOUT1008	175070	temperate	1.0
vOUT1009	167982	temperate	0.75
vOUT1010	164442	virulent	1.0
vOUT1011	158931	temperate	1.0
vOUT1012	132770	temperate	1.0
vOUT1013	130055	virulent	0.64
vOUT1014	122344	temperate	1.0
vOUT1015	118027	temperate	1.0
vOUT1016	103113	temperate	1.0
vOUT1017	103076	virulent	0.99
vOUT1018	100906	temperate	1.0
vOUT1019	99634	virulent	1.0
vOUT1020	85396	temperate	1.0
vOUT1021	83204	temperate	0.99
vOUT1022	81369	virulent	1.0
vOUT1023	79449	temperate	1.0
vOUT1024	76721	virulent	0.95
vOUT1025	75154	virulent	1.0
vOUT1026	73109	temperate	1.0
vOUT1027	71487	virulent	1.0
vOUT1028	70697	virulent	1.0
vOUT1029	70157	virulent	1.0
vOUT1030	69841	temperate	1.0
vOUT1031	67980	temperate	0.99
vOUT1032	67299	temperate	1.0
vOUT1033	64002	temperate	1.0
vOUT1034	62832	temperate	1.0
vOUT1035	58334	temperate	1.0
vOUT1036	55930	temperate	1.0
vOUT1037	54265	temperate	1.0
vOUT1038	52482	temperate	0.52
vOUT1039	49724	temperate	0.81
vOUT1040	46288	virulent	0.72
vOUT1041	45710	temperate	1.0
vOUT1042	45004	temperate	0.98
vOUT1043	44951	temperate	0.95
vOUT1044	44485	virulent	0.86
vOUT1045	43157	temperate	1.0
vOUT1046	42297	temperate	1.0
vOUT1047	42164	virulent	1.0
vOUT1048	41420	temperate	1.0
vOUT1049	40129	temperate	1.0
vOUT1050	38427	virulent	1.0
vOUT1051	38278	virulent	1.0
vOUT1052	36014	temperate	1.0
vOUT1053	33334	temperate	1.0
vOUT1054	29585	temperate	1.0
vOUT1055	17762	virulent	1.0
vOUT1056	15403	virulent	1.0
vOUT1059	351432	temperate	1.0
vOUT1060	334450	virulent	1.0
vOUT1061	331479	virulent	1.0
vOUT1062	315263	temperate	1.0
vOUT1063	247068	virulent	1.0
vOUT1064	239828	temperate	1.0
vOUT1065	229481	temperate	1.0
vOUT1066	227765	virulent	1.0
vOUT1067	213938	virulent	0.99
vOUT1068	184988	virulent	1.0
vOUT1069	177387	temperate	1.0
vOUT1070	150979	virulent	1.0
vOUT1071	138611	virulent	0.99
vOUT1072	127260	virulent	1.0
vOUT1073	126759	virulent	1.0
vOUT1074	123215	temperate	0.94
vOUT1075	121456	virulent	1.0
vOUT1076	113512	temperate	1.0
vOUT1077	113477	virulent	1.0
vOUT1078	101066	virulent	1.0
vOUT1079	100411	virulent	1.0
vOUT1080	96303	virulent	1.0
vOUT1081	94185	temperate	1.0
vOUT1082	92139	temperate	1.0
vOUT1083	91269	virulent	1.0
vOUT1084	84817	virulent	1.0
vOUT1085	81914	temperate	1.0
vOUT1086	81855	temperate	0.67
vOUT1087	77713	-	0
vOUT1088	76744	temperate	1.0
vOUT1089	76232	temperate	1.0
vOUT1090	73122	temperate	1.0
vOUT1091	71180	virulent	1.0
vOUT1092	69088	temperate	1.0
vOUT1093	67486	temperate	1.0
vOUT1094	67071	temperate	1.0
vOUT1095	66814	temperate	0.91
vOUT1096	65893	temperate	1.0
vOUT1097	65590	virulent	1.0
vOUT1098	61238	virulent	1.0
vOUT1099	60952	virulent	0.66
vOUT1100	60813	temperate	1.0
vOUT1101	60808	temperate	0.99
vOUT1102	57384	virulent	1.0
vOUT1103	56979	temperate	1.0
vOUT1104	55022	virulent	0.8
vOUT1105	53938	temperate	0.98
vOUT1106	52788	temperate	1.0
vOUT1107	51740	temperate	1.0
vOUT1108	50201	temperate	0.93
vOUT1109	48755	temperate	1.0
vOUT1110	48264	virulent	0.97
vOUT1111	45353	virulent	0.67
vOUT1112	44146	temperate	1.0
vOUT1113	43722	virulent	0.76
vOUT1114	40322	temperate	1.0
vOUT1115	39453	temperate	1.0
vOUT1116	39181	temperate	1.0
vOUT1117	38918	temperate	0.93
vOUT1118	38762	temperate	0.84
vOUT1119	38572	temperate	1.0
vOUT1120	38506	virulent	1.0
vOUT1121	37533	temperate	0.98
vOUT1122	35811	temperate	1.0
vOUT1123	35351	virulent	0.94
vOUT1124	34582	temperate	1.0
vOUT1125	34371	temperate	1.0
vOUT1126	33897	temperate	1.0
vOUT1127	32828	temperate	1.0
vOUT1128	32707	virulent	1.0
vOUT1129	32658	virulent	0.98
vOUT1130	32206	temperate	0.97
vOUT1131	31913	temperate	1.0
vOUT1132	31877	temperate	0.93
vOUT1133	31852	virulent	0.94
vOUT1134	31026	temperate	1.0
vOUT1135	24727	temperate	1.0
vOUT1136	23855	temperate	1.0
vOUT1137	22065	temperate	1.0
vOUT1138	20822	temperate	1.0
vOUT1139	17956	temperate	0.97
vOUT1140	10384	temperate	0.99
vOUT1141	10262	temperate	1.0
vOUT1143	5987	virulent	0.58
vOUT1145	625978	virulent	1.0
vOUT1146	517705	virulent	0.98
vOUT1147	356426	temperate	1.0
vOUT1148	315555	virulent	1.0
vOUT1149	307441	temperate	1.0
vOUT1150	296631	temperate	0.84
vOUT1151	268351	virulent	0.96
vOUT1152	260086	temperate	1.0
vOUT1153	236721	virulent	1.0
vOUT1154	218101	temperate	0.99
vOUT1155	207805	virulent	0.93
vOUT1156	204699	virulent	0.8
vOUT1157	174493	temperate	1.0
vOUT1158	148217	temperate	0.9
vOUT1159	141282	virulent	1.0
vOUT1160	139076	temperate	1.0
vOUT1161	129292	temperate	1.0
vOUT1162	128970	temperate	1.0
vOUT1163	127914	virulent	0.97
vOUT1164	127003	virulent	1.0
vOUT1165	126558	temperate	1.0
vOUT1166	124418	temperate	1.0
vOUT1167	120422	virulent	0.92
vOUT1168	118401	temperate	0.99
vOUT1169	114858	virulent	0.95
vOUT1170	114298	virulent	0.76
vOUT1171	110346	virulent	1.0
vOUT1172	104839	virulent	1.0
vOUT1173	103561	virulent	1.0
vOUT1174	98766	temperate	1.0
vOUT1175	98134	virulent	1.0
vOUT1176	97148	temperate	1.0
vOUT1177	89585	temperate	0.97
vOUT1178	86904	temperate	1.0
vOUT1179	84973	virulent	1.0
vOUT1180	83631	temperate	1.0
vOUT1181	72320	virulent	1.0
vOUT1182	67864	temperate	1.0
vOUT1183	67754	temperate	1.0
vOUT1184	67171	temperate	0.99
vOUT1185	63282	virulent	1.0
vOUT1186	57028	temperate	1.0
vOUT1187	54751	temperate	1.0
vOUT1188	52814	temperate	1.0
vOUT1189	52462	virulent	0.93
vOUT1190	50149	temperate	1.0
vOUT1191	50023	temperate	1.0
vOUT1192	40574	temperate	1.0
vOUT1193	40510	temperate	0.78
vOUT1194	39965	temperate	1.0
vOUT1195	39179	temperate	1.0
vOUT1196	38184	virulent	1.0
vOUT1197	37594	temperate	0.99
vOUT1198	35926	virulent	0.98
vOUT1199	35138	temperate	1.0
vOUT1200	34347	virulent	1.0
vOUT1201	33841	virulent	1.0
vOUT1202	33573	temperate	1.0
vOUT1203	32089	temperate	1.0
vOUT1204	32068	virulent	1.0
vOUT1205	29252	virulent	0.73
vOUT1206	23243	temperate	1.0
vOUT1207	16107	virulent	1.0
vOUT1208	8656	virulent	0.98
vOUT1209	4377	virulent	1.0
vOUT1210	678502	virulent	0.99
vOUT1211	495094	virulent	0.99
vOUT1212	352076	virulent	1.0
vOUT1213	295388	virulent	1.0
vOUT1214	290956	temperate	1.0
vOUT1215	285368	virulent	0.88
vOUT1216	282538	virulent	1.0
vOUT1217	271079	temperate	1.0
vOUT1218	270531	virulent	0.77
vOUT1219	259788	temperate	1.0
vOUT1220	235353	temperate	0.8
vOUT1221	217109	virulent	1.0
vOUT1222	215351	virulent	0.96
vOUT1223	212922	temperate	0.61
vOUT1224	188795	temperate	1.0
vOUT1225	188075	virulent	1.0
vOUT1226	162867	virulent	1.0
vOUT1227	156336	virulent	1.0
vOUT1228	138217	temperate	1.0
vOUT1229	131860	temperate	1.0
vOUT1230	129076	virulent	1.0
vOUT1231	126908	temperate	1.0
vOUT1232	120605	virulent	0.99
vOUT1233	113606	temperate	1.0
vOUT1234	113492	temperate	0.67
vOUT1235	113319	temperate	1.0
vOUT1236	104134	virulent	1.0
vOUT1237	102743	temperate	1.0
vOUT1238	96189	temperate	1.0
vOUT1239	94223	virulent	1.0
vOUT1240	91473	temperate	1.0
vOUT1241	86321	virulent	1.0
vOUT1242	85730	temperate	0.99
vOUT1243	81356	temperate	1.0
vOUT1244	76656	temperate	1.0
vOUT1245	73555	temperate	1.0
vOUT1246	59289	virulent	1.0
vOUT1247	57758	temperate	0.98
vOUT1248	57023	temperate	0.85
vOUT1249	56013	virulent	0.65
vOUT1250	53059	temperate	1.0
vOUT1251	49877	temperate	1.0
vOUT1252	49439	virulent	0.74
vOUT1253	40373	temperate	1.0
vOUT1254	37633	temperate	1.0
vOUT1255	37440	temperate	1.0
vOUT1256	36415	temperate	1.0
vOUT1257	35175	temperate	1.0
vOUT1258	35092	temperate	1.0
vOUT1259	30952	temperate	1.0
vOUT1260	29061	temperate	1.0
vOUT1261	26264	temperate	1.0
vOUT1262	26084	temperate	1.0
vOUT1263	4873	virulent	1.0
vOUT1264	542858	virulent	0.95
vOUT1265	512144	virulent	1.0
vOUT1266	488184	virulent	1.0
vOUT1267	466023	virulent	0.53
vOUT1268	335447	-	0
vOUT1269	291840	virulent	1.0
vOUT1270	261865	temperate	1.0
vOUT1271	246118	virulent	1.0
vOUT1272	242958	temperate	1.0
vOUT1273	238551	-	0
vOUT1274	237846	temperate	0.99
vOUT1275	236711	temperate	1.0
vOUT1276	224564	virulent	1.0
vOUT1277	221939	temperate	1.0
vOUT1278	217644	temperate	1.0
vOUT1279	217172	virulent	1.0
vOUT1280	210695	virulent	1.0
vOUT1281	210285	temperate	1.0
vOUT1282	201500	virulent	0.9
vOUT1283	180902	virulent	1.0
vOUT1284	171397	virulent	1.0
vOUT1285	154586	temperate	0.99
vOUT1286	148265	temperate	1.0
vOUT1287	142787	virulent	1.0
vOUT1288	141828	temperate	1.0
vOUT1289	137515	temperate	0.99
vOUT1290	127328	temperate	1.0
vOUT1291	123969	virulent	1.0
vOUT1292	123865	virulent	0.98
vOUT1293	118886	temperate	1.0
vOUT1294	117002	temperate	1.0
vOUT1295	111311	virulent	0.68
vOUT1296	107368	virulent	1.0
vOUT1297	102436	temperate	0.99
vOUT1298	101011	virulent	1.0
vOUT1299	100775	temperate	1.0
vOUT1300	99985	temperate	1.0
vOUT1301	98986	virulent	0.8
vOUT1302	86397	virulent	0.92
vOUT1303	75484	virulent	1.0
vOUT1304	75378	virulent	0.99
vOUT1305	74691	temperate	1.0
vOUT1306	70833	temperate	1.0
vOUT1307	68061	temperate	1.0
vOUT1308	64816	virulent	0.52
vOUT1309	63807	temperate	1.0
vOUT1310	62818	virulent	1.0
vOUT1311	61170	temperate	0.95
vOUT1312	60859	temperate	1.0
vOUT1313	57285	temperate	1.0
vOUT1314	53338	temperate	1.0
vOUT1315	51427	temperate	0.63
vOUT1316	51421	temperate	1.0
vOUT1317	50389	virulent	0.99
vOUT1318	49790	virulent	0.7
vOUT1319	49585	temperate	1.0
vOUT1320	49484	temperate	1.0
vOUT1321	48589	temperate	1.0
vOUT1322	48135	virulent	1.0
vOUT1323	42979	temperate	1.0
vOUT1324	40198	temperate	0.86
vOUT1325	39187	temperate	1.0
vOUT1326	38533	temperate	1.0
vOUT1327	32522	temperate	1.0
vOUT1328	31095	temperate	1.0
vOUT1329	27258	temperate	1.0
vOUT1330	27079	temperate	1.0
vOUT1332	23069	temperate	1.0
vOUT1333	22950	temperate	1.0
vOUT1335	6487	-	0
vOUT1336	4762	-	0
vOUT1338	436784	virulent	1.0
vOUT1339	212019	temperate	1.0
vOUT1340	137395	virulent	1.0
vOUT1341	115216	virulent	1.0
vOUT1342	105992	virulent	1.0
vOUT1343	98669	virulent	1.0
vOUT1344	88220	virulent	1.0
vOUT1345	77768	temperate	1.0
vOUT1346	75150	temperate	1.0
vOUT1347	62954	-	0
vOUT1348	62932	temperate	1.0
vOUT1349	59286	-	0
vOUT1350	40584	temperate	1.0
vOUT1351	38007	virulent	1.0
vOUT1352	37414	temperate	1.0
vOUT1353	34510	temperate	0.99
vOUT1354	33931	temperate	1.0
vOUT1355	33484	temperate	1.0
vOUT1356	32944	temperate	1.0
vOUT1357	32932	temperate	1.0
vOUT1358	32700	temperate	1.0
vOUT1359	31118	temperate	1.0
vOUT1360	30866	temperate	1.0
vOUT1361	29458	temperate	1.0
vOUT1362	28449	virulent	1.0
vOUT1363	11809	virulent	1.0
vOUT1364	6929	temperate	1.0
vOUT1365	492346	virulent	0.88
vOUT1366	264629	virulent	1.0
vOUT1367	252025	temperate	1.0
vOUT1368	233778	temperate	1.0
vOUT1369	220802	temperate	1.0
vOUT1370	193329	temperate	1.0
vOUT1371	170641	temperate	1.0
vOUT1372	161722	temperate	1.0
vOUT1373	148934	virulent	1.0
vOUT1374	140901	temperate	0.62
vOUT1375	125218	temperate	1.0
vOUT1376	125175	temperate	1.0
vOUT1377	116895	temperate	1.0
vOUT1378	112171	virulent	0.89
vOUT1379	103037	temperate	1.0
vOUT1380	100511	temperate	1.0
vOUT1381	100250	temperate	1.0
vOUT1382	96690	virulent	1.0
vOUT1383	94538	virulent	1.0
vOUT1384	94242	temperate	1.0
vOUT1385	94235	temperate	1.0
vOUT1386	88086	temperate	1.0
vOUT1387	86799	temperate	1.0
vOUT1388	85771	temperate	1.0
vOUT1389	85030	virulent	1.0
vOUT1390	83013	virulent	1.0
vOUT1391	79781	temperate	1.0
vOUT1392	79183	virulent	1.0
vOUT1393	76370	virulent	1.0
vOUT1394	72509	virulent	0.72
vOUT1395	70266	temperate	0.92
vOUT1396	65308	temperate	1.0
vOUT1397	63175	virulent	1.0
vOUT1398	61943	virulent	1.0
vOUT1399	56997	temperate	0.97
vOUT1400	54989	virulent	1.0
vOUT1401	54837	virulent	0.86
vOUT1402	50302	temperate	1.0
vOUT1403	50152	temperate	1.0
vOUT1404	48250	virulent	0.98
vOUT1405	47485	temperate	0.66
vOUT1406	45872	temperate	0.99
vOUT1407	45403	virulent	1.0
vOUT1408	44145	temperate	1.0
vOUT1409	43842	temperate	1.0
vOUT1410	42191	temperate	1.0
vOUT1411	41873	virulent	1.0
vOUT1412	41639	temperate	1.0
vOUT1413	40149	temperate	1.0
vOUT1414	39568	temperate	1.0
vOUT1415	38503	temperate	1.0
vOUT1416	36725	temperate	1.0
vOUT1417	35816	temperate	1.0
vOUT1418	35566	temperate	1.0
vOUT1419	35211	temperate	0.99
vOUT1420	34324	virulent	0.96
vOUT1421	32940	-	0
vOUT1422	32308	temperate	1.0
vOUT1423	31548	virulent	0.56
vOUT1424	31527	temperate	0.92
vOUT1425	29397	temperate	0.97
vOUT1426	29061	temperate	1.0
vOUT1427	28905	temperate	1.0
vOUT1428	23040	temperate	1.0
vOUT1429	12460	virulent	1.0
vOUT1430	7838	virulent	1.0
vOUT1432	782603	virulent	0.98
vOUT1433	563628	temperate	1.0
vOUT1434	511895	virulent	1.0
vOUT1435	497633	virulent	0.7
vOUT1436	441813	temperate	0.56
vOUT1437	406269	virulent	1.0
vOUT1438	260290	virulent	0.5
vOUT1439	255663	virulent	0.99
vOUT1440	196622	virulent	1.0
vOUT1441	194402	temperate	1.0
vOUT1442	183979	temperate	1.0
vOUT1443	179646	temperate	0.99
vOUT1444	167226	temperate	1.0
vOUT1445	160418	virulent	0.99
vOUT1446	158509	virulent	0.99
vOUT1447	157512	virulent	0.78
vOUT1448	156484	temperate	1.0
vOUT1449	141672	temperate	1.0
vOUT1450	136931	virulent	0.98
vOUT1451	126385	temperate	1.0
vOUT1452	124660	-	0
vOUT1453	123652	virulent	1.0
vOUT1454	122014	virulent	1.0
vOUT1455	100685	temperate	1.0
vOUT1456	99889	virulent	1.0
vOUT1457	99620	temperate	1.0
vOUT1458	87318	temperate	1.0
vOUT1459	85305	virulent	1.0
vOUT1460	77216	temperate	1.0
vOUT1461	76159	virulent	1.0
vOUT1462	64677	temperate	1.0
vOUT1463	60622	virulent	1.0
vOUT1464	60329	virulent	1.0
vOUT1465	59025	temperate	0.99
vOUT1466	58483	temperate	1.0
vOUT1467	55817	temperate	1.0
vOUT1468	53455	virulent	1.0
vOUT1469	48836	temperate	1.0
vOUT1470	44526	temperate	1.0
vOUT1471	42222	temperate	1.0
vOUT1472	38697	virulent	1.0
vOUT1473	38135	temperate	1.0
vOUT1474	37987	virulent	0.89
vOUT1475	37178	temperate	1.0
vOUT1476	36757	temperate	0.99
vOUT1477	32420	temperate	1.0
vOUT1478	30510	temperate	1.0
vOUT1479	26908	temperate	1.0
vOUT1480	8129	temperate	0.99
vOUT1481	5270	temperate	1.0
vOUT1482	3628	temperate	1.0
vOUT1484	442592	virulent	1.0
vOUT1485	405249	virulent	1.0
vOUT1486	289773	temperate	1.0
vOUT1487	259943	temperate	0.96
vOUT1488	231305	virulent	1.0
vOUT1489	228859	virulent	1.0
vOUT1490	209423	temperate	1.0
vOUT1491	179729	virulent	1.0
vOUT1492	179027	temperate	1.0
vOUT1493	171796	virulent	1.0
vOUT1494	156262	virulent	1.0
vOUT1495	155529	temperate	1.0
vOUT1496	145317	temperate	1.0
vOUT1497	145134	temperate	1.0
vOUT1498	134534	virulent	0.99
vOUT1499	126169	virulent	0.87
vOUT1500	117809	virulent	1.0
vOUT1501	111751	temperate	1.0
vOUT1502	111659	temperate	1.0
vOUT1503	107412	temperate	0.94
vOUT1504	104395	temperate	1.0
vOUT1505	98459	temperate	1.0
vOUT1506	93252	temperate	1.0
vOUT1507	88285	temperate	1.0
vOUT1508	87935	temperate	1.0
vOUT1509	86473	virulent	0.97
vOUT1510	86226	temperate	1.0
vOUT1511	84008	virulent	1.0
vOUT1512	77256	temperate	1.0
vOUT1513	75530	temperate	1.0
vOUT1514	72942	temperate	1.0
vOUT1515	72306	virulent	0.98
vOUT1516	70404	virulent	1.0
vOUT1517	67420	temperate	1.0
vOUT1518	64908	virulent	0.56
vOUT1519	64901	temperate	1.0
vOUT1520	64567	temperate	0.99
vOUT1521	63881	virulent	0.96
vOUT1522	62513	temperate	1.0
vOUT1523	60947	temperate	1.0
vOUT1524	60137	virulent	1.0
vOUT1525	57845	temperate	1.0
vOUT1526	53303	temperate	0.99
vOUT1527	51859	temperate	1.0
vOUT1528	51631	temperate	1.0
vOUT1529	50415	temperate	1.0
vOUT1530	49816	temperate	1.0
vOUT1531	49746	virulent	1.0
vOUT1532	49278	temperate	1.0
vOUT1533	47911	temperate	1.0
vOUT1534	47500	temperate	1.0
vOUT1535	46733	temperate	1.0
vOUT1536	46598	virulent	1.0
vOUT1537	44197	temperate	1.0
vOUT1538	41840	virulent	0.84
vOUT1539	41675	temperate	1.0
vOUT1540	41513	temperate	1.0
vOUT1541	41264	temperate	1.0
vOUT1542	39625	temperate	0.99
vOUT1543	38740	temperate	1.0
vOUT1544	38070	temperate	1.0
vOUT1545	37486	temperate	1.0
vOUT1546	35089	temperate	1.0
vOUT1547	34557	temperate	1.0
vOUT1548	34375	temperate	1.0
vOUT1549	33885	temperate	0.92
vOUT1550	33339	virulent	1.0
vOUT1551	32753	temperate	1.0
vOUT1552	32458	temperate	1.0
vOUT1553	32127	temperate	1.0
vOUT1554	31159	temperate	1.0
vOUT1555	28046	temperate	0.98
vOUT1558	22747	temperate	1.0
vOUT1559	21097	temperate	0.97
vOUT1560	21024	temperate	0.99
vOUT1561	16835	virulent	1.0
vOUT1562	15272	virulent	1.0
vOUT1563	12664	temperate	1.0
vOUT1564	10912	temperate	1.0
vOUT1565	9323	virulent	0.59
vOUT1566	609428	virulent	1.0
vOUT1567	516543	virulent	1.0
vOUT1568	449563	virulent	1.0
vOUT1569	444134	virulent	1.0
vOUT1570	260771	temperate	0.96
vOUT1571	244277	virulent	1.0
vOUT1572	203392	temperate	1.0
vOUT1573	184827	temperate	1.0
vOUT1574	170956	virulent	0.99
vOUT1575	166097	temperate	1.0
vOUT1576	159120	temperate	1.0
vOUT1577	157439	virulent	1.0
vOUT1578	141380	temperate	1.0
vOUT1579	137521	temperate	1.0
vOUT1580	136213	virulent	1.0
vOUT1581	135490	-	0
vOUT1582	124310	virulent	1.0
vOUT1583	120098	virulent	1.0
vOUT1584	117716	temperate	0.78
vOUT1585	107280	temperate	1.0
vOUT1586	105913	temperate	0.9
vOUT1587	98466	virulent	1.0
vOUT1588	95248	virulent	1.0
vOUT1589	94582	virulent	1.0
vOUT1590	94138	virulent	0.89
vOUT1591	90924	temperate	1.0
vOUT1592	89505	temperate	1.0
vOUT1593	88681	virulent	1.0
vOUT1594	86420	virulent	1.0
vOUT1595	85479	virulent	1.0
vOUT1596	79451	temperate	1.0
vOUT1597	78722	virulent	0.97
vOUT1598	75384	temperate	1.0
vOUT1599	75314	temperate	1.0
vOUT1601	70612	temperate	1.0
vOUT1602	70459	temperate	1.0
vOUT1603	67410	temperate	1.0
vOUT1604	65503	temperate	1.0
vOUT1605	64784	virulent	1.0
vOUT1606	62131	temperate	0.76
vOUT1607	61574	virulent	1.0
vOUT1608	61318	temperate	0.99
vOUT1609	60679	temperate	0.78
vOUT1610	60649	temperate	0.99
vOUT1611	59799	virulent	0.86
vOUT1612	59620	virulent	1.0
vOUT1613	59529	virulent	1.0
vOUT1614	57188	temperate	1.0
vOUT1615	56438	temperate	1.0
vOUT1616	54466	temperate	1.0
vOUT1617	51202	temperate	0.57
vOUT1618	50350	virulent	1.0
vOUT1619	50159	temperate	0.97
vOUT1620	47166	virulent	1.0
vOUT1621	45944	temperate	0.98
vOUT1622	45211	temperate	1.0
vOUT1623	43200	virulent	1.0
vOUT1624	42416	temperate	1.0
vOUT1625	42289	temperate	0.75
vOUT1626	41226	temperate	1.0
vOUT1627	40690	temperate	1.0
vOUT1628	39903	temperate	1.0
vOUT1629	39067	virulent	0.97
vOUT1630	38646	temperate	0.92
vOUT1631	38424	temperate	1.0
vOUT1632	36766	temperate	0.99
vOUT1633	36474	temperate	1.0
vOUT1634	35168	virulent	1.0
vOUT1635	33262	virulent	0.99
vOUT1636	33091	temperate	1.0
vOUT1637	32588	temperate	1.0
vOUT1638	32211	temperate	1.0
vOUT1639	32190	virulent	1.0
vOUT1640	31224	temperate	1.0
vOUT1641	25214	temperate	1.0
vOUT1642	24893	temperate	0.99
vOUT1643	23388	temperate	1.0
vOUT1645	6146	virulent	1.0
vOUT1647	5073	virulent	1.0
vOUT1648	597934	virulent	0.6
vOUT1649	470458	virulent	1.0
vOUT1650	365551	temperate	1.0
vOUT1651	293519	temperate	0.82
vOUT1652	278782	virulent	0.98
vOUT1653	260426	temperate	1.0
vOUT1654	260398	virulent	0.68
vOUT1655	230012	virulent	1.0
vOUT1656	218319	temperate	0.82
vOUT1657	216914	temperate	0.97
vOUT1658	208501	temperate	0.72
vOUT1659	198207	virulent	0.97
vOUT1660	190182	temperate	1.0
vOUT1661	187943	temperate	1.0
vOUT1662	177646	virulent	1.0
vOUT1663	176496	virulent	1.0
vOUT1664	173493	temperate	0.98
vOUT1665	163406	temperate	0.96
vOUT1666	162359	virulent	0.88
vOUT1667	146780	virulent	1.0
vOUT1668	144671	-	0
vOUT1669	137264	virulent	0.61
vOUT1670	134641	virulent	1.0
vOUT1671	127286	temperate	1.0
vOUT1672	117088	temperate	1.0
vOUT1673	109466	temperate	1.0
vOUT1674	107881	virulent	0.87
vOUT1675	106179	virulent	1.0
vOUT1676	103659	temperate	0.82
vOUT1677	103478	temperate	1.0
vOUT1678	101595	virulent	1.0
vOUT1679	97557	temperate	1.0
vOUT1680	95259	temperate	1.0
vOUT1681	92373	temperate	1.0
vOUT1682	85626	temperate	1.0
vOUT1683	81305	virulent	0.99
vOUT1684	80685	temperate	0.99
vOUT1685	75087	temperate	1.0
vOUT1686	73048	temperate	1.0
vOUT1687	72113	virulent	1.0
vOUT1688	70771	temperate	1.0
vOUT1689	70562	virulent	1.0
vOUT1690	70225	virulent	0.96
vOUT1691	65465	virulent	0.95
vOUT1692	64077	temperate	0.95
vOUT1693	63799	temperate	1.0
vOUT1694	63526	temperate	1.0
vOUT1695	61544	temperate	1.0
vOUT1696	60429	temperate	1.0
vOUT1697	57198	virulent	0.93
vOUT1698	56639	virulent	1.0
vOUT1699	55411	virulent	1.0
vOUT1700	53801	virulent	1.0
vOUT1701	52452	temperate	1.0
vOUT1702	52105	temperate	1.0
vOUT1703	50789	temperate	0.94
vOUT1704	46825	virulent	0.91
vOUT1705	46475	virulent	1.0
vOUT1706	46371	temperate	0.95
vOUT1707	46266	temperate	1.0
vOUT1708	43911	virulent	0.89
vOUT1709	42332	temperate	1.0
vOUT1710	40153	virulent	1.0
vOUT1711	39523	virulent	0.53
vOUT1712	38175	temperate	1.0
vOUT1713	38071	temperate	1.0
vOUT1714	37937	temperate	1.0
vOUT1715	37276	temperate	1.0
vOUT1716	36867	temperate	1.0
vOUT1717	36558	temperate	1.0
vOUT1718	36050	temperate	1.0
vOUT1719	32996	virulent	1.0
vOUT1720	32232	virulent	1.0
vOUT1721	32178	temperate	1.0
vOUT1722	30635	temperate	1.0
vOUT1723	30549	temperate	1.0
vOUT1727	737408	virulent	1.0
vOUT1728	535995	temperate	1.0
vOUT1729	517437	virulent	1.0
vOUT1730	478605	virulent	1.0
vOUT1731	319427	temperate	1.0
vOUT1732	306534	temperate	1.0
vOUT1733	290139	-	0
vOUT1734	249825	virulent	0.99
vOUT1735	246349	virulent	1.0
vOUT1736	220820	temperate	0.86
vOUT1737	213621	temperate	0.91
vOUT1738	191610	-	0
vOUT1739	189688	virulent	0.99
vOUT1740	186655	temperate	1.0
vOUT1741	180124	temperate	1.0
vOUT1742	174005	virulent	1.0
vOUT1743	170119	virulent	1.0
vOUT1744	168573	temperate	1.0
vOUT1745	164671	virulent	1.0
vOUT1746	158523	temperate	0.99
vOUT1747	157298	temperate	1.0
vOUT1748	155758	virulent	1.0
vOUT1749	145280	temperate	1.0
vOUT1750	144591	temperate	0.86
vOUT1751	143219	virulent	1.0
vOUT1752	138961	temperate	1.0
vOUT1753	133757	temperate	1.0
vOUT1754	132448	virulent	0.74
vOUT1755	132419	virulent	1.0
vOUT1756	131876	-	0
vOUT1757	131005	virulent	1.0
vOUT1758	129005	virulent	0.97
vOUT1759	124217	virulent	1.0
vOUT1760	121809	virulent	1.0
vOUT1761	118713	temperate	1.0
vOUT1762	117448	virulent	0.9
vOUT1763	114762	virulent	1.0
vOUT1764	111767	-	0
vOUT1765	108209	virulent	1.0
vOUT1766	103636	temperate	1.0
vOUT1767	95779	virulent	1.0
vOUT1768	82131	temperate	0.75
vOUT1769	80220	temperate	1.0
vOUT1770	79885	temperate	0.76
vOUT1771	78468	temperate	1.0
vOUT1772	78250	temperate	1.0
vOUT1773	77997	virulent	1.0
vOUT1774	71292	temperate	1.0
vOUT1775	71220	temperate	1.0
vOUT1776	69109	virulent	1.0
vOUT1777	67400	temperate	0.98
vOUT1778	64490	temperate	0.96
vOUT1779	57285	temperate	1.0
vOUT1780	56762	temperate	1.0
vOUT1781	54636	virulent	0.55
vOUT1782	53089	temperate	1.0
vOUT1783	52300	temperate	0.99
vOUT1784	51372	temperate	1.0
vOUT1785	50412	temperate	1.0
vOUT1786	49171	temperate	1.0
vOUT1787	48759	virulent	1.0
vOUT1788	48676	temperate	0.81
vOUT1789	46980	virulent	0.84
vOUT1790	46161	virulent	0.99
vOUT1791	44152	temperate	1.0
vOUT1792	44008	temperate	1.0
vOUT1793	43973	temperate	0.96
vOUT1794	43428	temperate	1.0
vOUT1795	42109	temperate	1.0
vOUT1796	41176	temperate	1.0
vOUT1797	40098	virulent	0.9
vOUT1798	38959	virulent	0.92
vOUT1799	38736	temperate	1.0
vOUT1800	38048	temperate	1.0
vOUT1801	37405	temperate	0.86
vOUT1802	36820	temperate	0.79
vOUT1803	36799	temperate	1.0
vOUT1804	36318	virulent	0.73
vOUT1805	36156	-	0
vOUT1806	35808	temperate	1.0
vOUT1807	35609	virulent	1.0
vOUT1808	35142	temperate	1.0
vOUT1809	34673	temperate	1.0
vOUT1810	33332	virulent	0.67
vOUT1811	33016	virulent	0.54
vOUT1812	31622	virulent	0.55
vOUT1813	31617	virulent	1.0
vOUT1814	30976	temperate	1.0
vOUT1815	29960	temperate	1.0
vOUT1816	29549	temperate	1.0
vOUT1817	29385	temperate	1.0
vOUT1818	29238	temperate	1.0
vOUT1819	28550	virulent	1.0
vOUT1821	27290	temperate	1.0
vOUT1822	25901	temperate	1.0
vOUT1823	25496	temperate	0.99
vOUT1825	21849	temperate	1.0
vOUT1826	20063	temperate	0.97
vOUT1827	513005	virulent	1.0
vOUT1828	469766	temperate	1.0
vOUT1829	441751	temperate	0.91
vOUT1830	420620	virulent	1.0
vOUT1831	380755	virulent	1.0
vOUT1832	340543	virulent	0.99
vOUT1833	299957	virulent	1.0
vOUT1834	297683	virulent	0.92
vOUT1835	277001	virulent	1.0
vOUT1836	211588	virulent	0.98
vOUT1837	204974	temperate	1.0
vOUT1838	198142	temperate	1.0
vOUT1839	192422	virulent	1.0
vOUT1840	190387	virulent	1.0
vOUT1841	189776	virulent	1.0
vOUT1842	188386	-	0
vOUT1843	186246	virulent	1.0
vOUT1844	184782	virulent	1.0
vOUT1845	180678	temperate	1.0
vOUT1846	159816	-	0
vOUT1847	157204	temperate	1.0
vOUT1848	156947	-	0
vOUT1849	156735	temperate	1.0
vOUT1850	155335	temperate	1.0
vOUT1851	154035	temperate	1.0
vOUT1852	153820	virulent	1.0
vOUT1853	150151	temperate	1.0
vOUT1854	147029	virulent	1.0
vOUT1855	140975	temperate	1.0
vOUT1856	138750	virulent	0.76
vOUT1857	136735	temperate	1.0
vOUT1858	130574	temperate	1.0
vOUT1859	128834	temperate	1.0
vOUT1860	127046	virulent	1.0
vOUT1861	124574	temperate	1.0
vOUT1862	121957	virulent	0.78
vOUT1863	121448	virulent	1.0
vOUT1864	120736	virulent	0.67
vOUT1865	115120	temperate	1.0
vOUT1866	106448	temperate	1.0
vOUT1867	103790	virulent	1.0
vOUT1868	100320	virulent	1.0
vOUT1869	99193	temperate	0.98
vOUT1870	96845	virulent	0.56
vOUT1871	93100	temperate	1.0
vOUT1872	90344	temperate	1.0
vOUT1873	86539	virulent	0.59
vOUT1874	86112	virulent	0.99
vOUT1875	81684	temperate	1.0
vOUT1876	79086	temperate	1.0
vOUT1877	78122	temperate	1.0
vOUT1878	77842	virulent	1.0
vOUT1879	76491	temperate	1.0
vOUT1880	71039	temperate	0.76
vOUT1881	67618	temperate	1.0
vOUT1882	63401	temperate	1.0
vOUT1883	63325	temperate	1.0
vOUT1884	58801	virulent	1.0
vOUT1885	57782	temperate	0.83
vOUT1886	55181	temperate	1.0
vOUT1887	53913	temperate	0.94
vOUT1888	53729	temperate	1.0
vOUT1889	51477	temperate	1.0
vOUT1890	50280	temperate	1.0
vOUT1891	50093	virulent	1.0
vOUT1892	49419	temperate	0.87
vOUT1893	49103	temperate	1.0
vOUT1894	47406	virulent	1.0
vOUT1895	47107	virulent	1.0
vOUT1896	46729	temperate	1.0
vOUT1897	45567	temperate	0.8
vOUT1898	44733	temperate	1.0
vOUT1899	44598	temperate	1.0
vOUT1900	43580	virulent	1.0
vOUT1901	43035	temperate	1.0
vOUT1902	41734	temperate	1.0
vOUT1903	40714	temperate	1.0
vOUT1904	39916	temperate	1.0
vOUT1905	39017	temperate	0.99
vOUT1906	37725	temperate	0.98
vOUT1907	37588	temperate	1.0
vOUT1908	37433	temperate	1.0
vOUT1909	35803	virulent	1.0
vOUT1910	33717	temperate	1.0
vOUT1911	32801	virulent	1.0
vOUT1912	32496	temperate	1.0
vOUT1913	28374	virulent	0.82
vOUT1914	27958	temperate	1.0
vOUT1915	27304	virulent	1.0
vOUT1916	26619	temperate	1.0
vOUT1918	25805	temperate	1.0
vOUT1919	18252	temperate	0.98
vOUT1920	725324	virulent	1.0
vOUT1921	344306	virulent	0.69
vOUT1922	216521	virulent	1.0
vOUT1923	202694	virulent	0.96
vOUT1924	198137	-	0
vOUT1925	195256	temperate	0.98
vOUT1926	184929	temperate	0.94
vOUT1927	176997	virulent	1.0
vOUT1928	147316	virulent	0.99
vOUT1929	129711	virulent	0.86
vOUT1930	122730	temperate	1.0
vOUT1931	120437	temperate	1.0
vOUT1932	118809	temperate	0.97
vOUT1933	102653	virulent	1.0
vOUT1934	101959	virulent	0.68
vOUT1935	99704	virulent	1.0
vOUT1936	99367	temperate	1.0
vOUT1937	98867	temperate	1.0
vOUT1938	94412	virulent	1.0
vOUT1939	93391	virulent	1.0
vOUT1940	93065	virulent	0.99
vOUT1941	92732	temperate	1.0
vOUT1942	79496	temperate	1.0
vOUT1943	77417	virulent	0.96
vOUT1944	77076	temperate	0.67
vOUT1945	70097	temperate	1.0
vOUT1946	66855	virulent	1.0
vOUT1947	66604	virulent	1.0
vOUT1948	65946	temperate	1.0
vOUT1949	65663	virulent	0.95
vOUT1950	63240	virulent	0.67
vOUT1951	62043	virulent	1.0
vOUT1952	59484	temperate	1.0
vOUT1953	58057	virulent	1.0
vOUT1954	55391	virulent	1.0
vOUT1955	49972	temperate	0.97
vOUT1956	49048	temperate	0.9
vOUT1957	45893	virulent	0.94
vOUT1958	44837	temperate	0.96
vOUT1959	44186	temperate	1.0
vOUT1960	43986	temperate	1.0
vOUT1961	43745	temperate	1.0
vOUT1962	43479	temperate	0.92
vOUT1963	43066	virulent	0.99
vOUT1964	41693	temperate	0.96
vOUT1965	39490	temperate	1.0
vOUT1966	38113	temperate	1.0
vOUT1967	35406	temperate	0.98
vOUT1968	35130	virulent	1.0
vOUT1969	35075	temperate	1.0
vOUT1970	34903	temperate	1.0
vOUT1971	32904	temperate	1.0
vOUT1972	32273	virulent	1.0
vOUT1973	31749	temperate	1.0
vOUT1974	31644	temperate	1.0
vOUT1975	31292	temperate	1.0
vOUT1976	30601	temperate	1.0
vOUT1977	30571	temperate	1.0
vOUT1978	28872	temperate	1.0
vOUT1979	26787	temperate	1.0
vOUT1980	24190	temperate	1.0
vOUT1981	23157	temperate	0.91
vOUT1982	20390	temperate	1.0
vOUT1984	5083	temperate	1.0
vOUT1985	260740	temperate	0.93
vOUT1986	234642	-	0
vOUT1987	132388	virulent	0.99
vOUT1988	131640	temperate	1.0
vOUT1989	127101	virulent	1.0
vOUT1990	126831	virulent	1.0
vOUT1991	117197	virulent	1.0
vOUT1992	115152	virulent	1.0
vOUT1993	111482	virulent	1.0
vOUT1994	108333	virulent	0.79
vOUT1995	96976	temperate	1.0
vOUT1996	91015	virulent	0.99
vOUT1997	87994	virulent	1.0
vOUT1998	86103	temperate	1.0
vOUT1999	83841	virulent	1.0
vOUT2000	74270	temperate	1.0
vOUT2001	68406	virulent	0.88
vOUT2002	67439	temperate	1.0
vOUT2003	65854	temperate	1.0
vOUT2004	64771	temperate	1.0
vOUT2005	50077	temperate	0.89
vOUT2006	45157	temperate	1.0
vOUT2007	41636	temperate	0.78
vOUT2008	41226	temperate	1.0
vOUT2009	39908	temperate	1.0
vOUT2010	39655	temperate	1.0
vOUT2011	39168	temperate	1.0
vOUT2012	34989	temperate	1.0
vOUT2013	34026	temperate	1.0
vOUT2014	31744	temperate	1.0
vOUT2015	30756	temperate	0.94
vOUT2016	28760	temperate	0.98
vOUT2017	28600	temperate	1.0
vOUT2018	26308	temperate	1.0
vOUT2020	664869	temperate	1.0
vOUT2021	596898	virulent	1.0
vOUT2022	568272	virulent	1.0
vOUT2023	403277	virulent	1.0
vOUT2024	312945	virulent	1.0
vOUT2025	283925	temperate	1.0
vOUT2026	281881	virulent	1.0
vOUT2027	281194	virulent	0.56
vOUT2028	277611	virulent	0.89
vOUT2029	274615	temperate	1.0
vOUT2030	218894	virulent	1.0
vOUT2031	218527	temperate	0.97
vOUT2032	218237	temperate	1.0
vOUT2033	211698	virulent	1.0
vOUT2034	196723	virulent	0.61
vOUT2035	196666	virulent	1.0
vOUT2036	181377	virulent	1.0
vOUT2037	169210	temperate	1.0
vOUT2038	162266	virulent	1.0
vOUT2039	152759	-	0
vOUT2040	152239	virulent	1.0
vOUT2041	149001	virulent	0.97
vOUT2042	147242	temperate	0.96
vOUT2043	125014	temperate	1.0
vOUT2044	122786	temperate	0.94
vOUT2045	114894	virulent	0.95
vOUT2046	110655	temperate	1.0
vOUT2047	105197	virulent	1.0
vOUT2048	103698	temperate	1.0
vOUT2049	96926	virulent	1.0
vOUT2050	93196	temperate	0.63
vOUT2051	91939	virulent	1.0
vOUT2052	73092	virulent	1.0
vOUT2053	66677	virulent	1.0
vOUT2054	66489	virulent	1.0
vOUT2055	65052	temperate	1.0
vOUT2056	61798	virulent	1.0
vOUT2057	60434	virulent	0.92
vOUT2058	60005	temperate	1.0
vOUT2059	58007	virulent	0.6
vOUT2060	56566	virulent	1.0
vOUT2061	53230	virulent	1.0
vOUT2062	53222	virulent	0.97
vOUT2063	51961	virulent	1.0
vOUT2064	51499	virulent	1.0
vOUT2065	48689	virulent	1.0
vOUT2066	46862	virulent	0.84
vOUT2067	46561	temperate	0.82
vOUT2068	46469	temperate	1.0
vOUT2069	46223	virulent	0.99
vOUT2070	44996	temperate	1.0
vOUT2071	44569	virulent	0.55
vOUT2072	44392	virulent	1.0
vOUT2073	44380	virulent	0.98
vOUT2074	43756	virulent	0.99
vOUT2075	43010	temperate	1.0
vOUT2076	42326	temperate	0.71
vOUT2077	39851	temperate	1.0
vOUT2078	38574	temperate	0.94
vOUT2079	38010	temperate	1.0
vOUT2080	37227	virulent	0.88
vOUT2081	37223	virulent	1.0
vOUT2082	37097	virulent	1.0
vOUT2083	34945	temperate	1.0
vOUT2084	34491	temperate	0.99
vOUT2085	34121	temperate	1.0
vOUT2086	32783	temperate	0.51
vOUT2087	30682	temperate	1.0
vOUT2088	29862	temperate	1.0
vOUT2089	28764	temperate	1.0
vOUT2090	27112	virulent	1.0
vOUT2091	25658	temperate	1.0
vOUT2092	22198	temperate	1.0
vOUT2093	14082	virulent	1.0
vOUT2094	6520	virulent	1.0
vOUT2095	6203	virulent	1.0
vOUT2097	337443	virulent	1.0
vOUT2098	324245	virulent	1.0
vOUT2099	261081	temperate	1.0
vOUT2100	242976	temperate	1.0
vOUT2101	223794	temperate	0.82
vOUT2102	182167	virulent	0.93
vOUT2103	120893	temperate	1.0
vOUT2104	106913	virulent	1.0
vOUT2105	101980	temperate	1.0
vOUT2106	100200	temperate	0.99
vOUT2107	92810	temperate	1.0
vOUT2108	86072	virulent	0.97
vOUT2109	85031	virulent	1.0
vOUT2110	83944	virulent	1.0
vOUT2111	82171	virulent	0.74
vOUT2112	72427	virulent	1.0
vOUT2113	66616	temperate	1.0
vOUT2114	64133	temperate	0.99
vOUT2115	60500	temperate	0.98
vOUT2116	52944	temperate	1.0
vOUT2117	44583	virulent	0.95
vOUT2118	44380	temperate	1.0
vOUT2119	43772	temperate	1.0
vOUT2120	36620	temperate	0.95
vOUT2121	35128	temperate	1.0
vOUT2122	32113	temperate	1.0
vOUT2123	31762	virulent	0.94
vOUT2124	17996	virulent	1.0
vOUT2125	6251	virulent	1.0
vOUT2126	628720	virulent	0.78
vOUT2127	616121	temperate	1.0
vOUT2128	558046	virulent	1.0
vOUT2129	424540	virulent	1.0
vOUT2130	417460	-	0
vOUT2131	389335	temperate	0.89
vOUT2132	280973	temperate	1.0
vOUT2133	278652	temperate	1.0
vOUT2134	259927	virulent	0.86
vOUT2135	248224	virulent	1.0
vOUT2136	243655	virulent	1.0
vOUT2137	211841	virulent	1.0
vOUT2138	200872	virulent	0.99
vOUT2139	172631	temperate	1.0
vOUT2140	159280	virulent	1.0
vOUT2141	157461	virulent	1.0
vOUT2142	152381	temperate	1.0
vOUT2143	150252	virulent	0.92
vOUT2144	137941	virulent	1.0
vOUT2145	134748	virulent	1.0
vOUT2146	129942	virulent	1.0
vOUT2147	129141	virulent	1.0
vOUT2148	123879	temperate	1.0
vOUT2149	119399	virulent	1.0
vOUT2150	114610	temperate	1.0
vOUT2151	113215	virulent	1.0
vOUT2152	110566	temperate	1.0
vOUT2153	108946	temperate	1.0
vOUT2154	102857	temperate	1.0
vOUT2155	98844	virulent	0.98
vOUT2156	98315	temperate	1.0
vOUT2157	93595	virulent	0.97
vOUT2158	88403	virulent	0.99
vOUT2159	83014	virulent	0.99
vOUT2160	82549	temperate	1.0
vOUT2161	71758	temperate	1.0
vOUT2162	69594	virulent	1.0
vOUT2163	67965	temperate	1.0
vOUT2164	66122	virulent	0.99
vOUT2165	65164	temperate	1.0
vOUT2166	65026	temperate	1.0
vOUT2167	64263	temperate	1.0
vOUT2168	61902	virulent	0.98
vOUT2169	60609	temperate	0.99
vOUT2170	58478	temperate	0.9
vOUT2171	56245	temperate	0.96
vOUT2172	55895	temperate	0.99
vOUT2173	55323	temperate	1.0
vOUT2174	54561	virulent	1.0
vOUT2175	52872	temperate	0.54
vOUT2176	49974	virulent	0.99
vOUT2177	49853	temperate	1.0
vOUT2178	48846	temperate	0.99
vOUT2179	47669	virulent	0.99
vOUT2180	45814	temperate	0.98
vOUT2181	45741	temperate	1.0
vOUT2182	45671	temperate	1.0
vOUT2183	44867	temperate	1.0
vOUT2184	43055	temperate	0.98
vOUT2185	42666	temperate	1.0
vOUT2186	42593	virulent	1.0
vOUT2187	41826	virulent	1.0
vOUT2188	41694	temperate	1.0
vOUT2189	40900	virulent	0.99
vOUT2190	39671	temperate	0.99
vOUT2191	38748	temperate	1.0
vOUT2192	35832	temperate	1.0
vOUT2193	35659	virulent	0.9
vOUT2194	34922	virulent	1.0
vOUT2195	34450	temperate	1.0
vOUT2196	33396	temperate	1.0
vOUT2197	33339	temperate	1.0
vOUT2198	19190	temperate	1.0
vOUT2199	17982	temperate	1.0
vOUT2200	14965	-	0
vOUT2201	12203	temperate	0.97
vOUT2202	396871	virulent	1.0
vOUT2203	350437	virulent	1.0
vOUT2204	339058	virulent	1.0
vOUT2205	326879	temperate	1.0
vOUT2206	278212	temperate	0.96
vOUT2207	266483	virulent	0.72
vOUT2208	262701	virulent	0.6
vOUT2209	257336	virulent	0.54
vOUT2210	253131	temperate	0.96
vOUT2211	232336	temperate	1.0
vOUT2212	230780	temperate	0.99
vOUT2213	221306	temperate	1.0
vOUT2214	199671	virulent	1.0
vOUT2215	189004	temperate	1.0
vOUT2216	187805	temperate	1.0
vOUT2217	184512	virulent	1.0
vOUT2218	182522	virulent	1.0
vOUT2219	169094	temperate	1.0
vOUT2220	168332	virulent	1.0
vOUT2221	167775	temperate	1.0
vOUT2222	161548	temperate	0.98
vOUT2223	160944	temperate	1.0
vOUT2224	159158	virulent	0.75
vOUT2225	157917	virulent	1.0
vOUT2226	157529	temperate	1.0
vOUT2227	156852	temperate	0.96
vOUT2228	152303	virulent	1.0
vOUT2229	147604	virulent	1.0
vOUT2230	126140	temperate	1.0
vOUT2231	124825	temperate	1.0
vOUT2232	118969	temperate	1.0
vOUT2233	107451	temperate	1.0
vOUT2234	102127	virulent	0.87
vOUT2235	97464	virulent	1.0
vOUT2236	95451	virulent	1.0
vOUT2237	94861	temperate	1.0
vOUT2238	93983	virulent	0.95
vOUT2239	93345	temperate	1.0
vOUT2240	86618	virulent	1.0
vOUT2241	85362	temperate	1.0
vOUT2242	83739	temperate	1.0
vOUT2243	83638	virulent	1.0
vOUT2244	82899	temperate	1.0
vOUT2245	79503	virulent	1.0
vOUT2246	78683	temperate	1.0
vOUT2247	78197	temperate	1.0
vOUT2248	77953	virulent	0.76
vOUT2249	76808	virulent	1.0
vOUT2250	72590	virulent	0.98
vOUT2251	71460	temperate	1.0
vOUT2252	69715	temperate	1.0
vOUT2253	67446	temperate	1.0
vOUT2254	66023	virulent	1.0
vOUT2255	64300	temperate	0.84
vOUT2256	62797	virulent	0.82
vOUT2257	61985	temperate	1.0
vOUT2258	61800	virulent	1.0
vOUT2259	61510	temperate	1.0
vOUT2260	57927	temperate	0.99
vOUT2261	57356	temperate	1.0
vOUT2262	55483	virulent	1.0
vOUT2263	54321	temperate	0.99
vOUT2265	50586	temperate	1.0
vOUT2266	47411	temperate	1.0
vOUT2267	47284	virulent	1.0
vOUT2268	47089	virulent	1.0
vOUT2269	45752	temperate	0.53
vOUT2270	44972	temperate	1.0
vOUT2271	44937	temperate	1.0
vOUT2272	43024	temperate	1.0
vOUT2273	41627	temperate	1.0
vOUT2274	41373	temperate	1.0
vOUT2275	40875	temperate	1.0
vOUT2276	40783	temperate	1.0
vOUT2277	39774	temperate	1.0
vOUT2278	38055	temperate	1.0
vOUT2279	37400	temperate	1.0
vOUT2280	36968	virulent	0.79
vOUT2281	36364	temperate	1.0
vOUT2282	34844	virulent	1.0
vOUT2283	34754	temperate	1.0
vOUT2284	34527	temperate	1.0
vOUT2285	33719	temperate	1.0
vOUT2286	31950	temperate	0.93
vOUT2287	25083	temperate	1.0
vOUT2288	24663	temperate	1.0
vOUT2289	16618	virulent	1.0
vOUT2290	4975	virulent	0.77
vOUT2291	628861	virulent	1.0
vOUT2292	446573	temperate	0.96
vOUT2293	300098	virulent	0.99
vOUT2294	298461	temperate	1.0
vOUT2295	172595	temperate	1.0
vOUT2296	129729	virulent	1.0
vOUT2297	113570	-	0
vOUT2298	104177	temperate	1.0
vOUT2299	101612	virulent	1.0
vOUT2300	98009	temperate	0.56
vOUT2301	96226	temperate	1.0
vOUT2302	92725	virulent	1.0
vOUT2303	88927	virulent	1.0
vOUT2304	88451	temperate	1.0
vOUT2305	88408	temperate	1.0
vOUT2306	68194	temperate	1.0
vOUT2307	56826	temperate	1.0
vOUT2308	54202	virulent	1.0
vOUT2309	50137	temperate	1.0
vOUT2310	47428	virulent	1.0
vOUT2311	46636	temperate	1.0
vOUT2312	44600	temperate	1.0
vOUT2313	42888	temperate	0.63
vOUT2314	41413	temperate	1.0
vOUT2315	41283	temperate	1.0
vOUT2316	40419	temperate	1.0
vOUT2317	40372	temperate	1.0
vOUT2318	39823	temperate	1.0
vOUT2319	38330	temperate	1.0
vOUT2320	37477	temperate	0.96
vOUT2321	37145	temperate	0.96
vOUT2322	36242	temperate	1.0
vOUT2323	36145	temperate	1.0
vOUT2324	34495	temperate	1.0
vOUT2325	34140	temperate	1.0
vOUT2326	31611	temperate	1.0
vOUT2327	28654	temperate	1.0
vOUT2328	26314	temperate	0.91
vOUT2329	25077	temperate	1.0
vOUT2330	22151	temperate	1.0
vOUT2331	19964	temperate	1.0
vOUT2333	6443	virulent	0.84
vOUT2334	363023	temperate	1.0
vOUT2335	296283	virulent	0.98
vOUT2336	260324	temperate	1.0
vOUT2337	199592	virulent	1.0
vOUT2338	199201	virulent	1.0
vOUT2339	192881	virulent	1.0
vOUT2340	153700	temperate	0.76
vOUT2341	146056	temperate	0.97
vOUT2342	139910	temperate	1.0
vOUT2343	115317	temperate	1.0
vOUT2344	113996	virulent	1.0
vOUT2345	104356	virulent	1.0
vOUT2346	103458	temperate	0.64
vOUT2347	102199	virulent	1.0
vOUT2348	101181	virulent	1.0
vOUT2349	100841	virulent	1.0
vOUT2350	96770	temperate	1.0
vOUT2351	94372	temperate	1.0
vOUT2352	91664	virulent	1.0
vOUT2353	91565	virulent	1.0
vOUT2354	91192	virulent	1.0
vOUT2355	88435	temperate	1.0
vOUT2356	87623	temperate	0.92
vOUT2357	82392	temperate	1.0
vOUT2358	66644	temperate	1.0
vOUT2359	64445	temperate	1.0
vOUT2360	61983	temperate	0.71
vOUT2361	61653	virulent	1.0
vOUT2362	56790	temperate	1.0
vOUT2363	52105	virulent	1.0
vOUT2364	50428	virulent	1.0
vOUT2365	49876	temperate	0.51
vOUT2366	44427	temperate	1.0
vOUT2367	43142	temperate	0.99
vOUT2368	42963	temperate	1.0
vOUT2369	37802	temperate	1.0
vOUT2370	36397	temperate	1.0
vOUT2371	35857	temperate	1.0
vOUT2372	34849	temperate	1.0
vOUT2373	34620	temperate	0.98
vOUT2374	34553	virulent	1.0
vOUT2375	25887	temperate	1.0
vOUT2376	22475	temperate	1.0
vOUT2377	8913	temperate	1.0
vOUT2378	7947	temperate	1.0
vOUT2379	341358	virulent	1.0
vOUT2380	321519	virulent	1.0
vOUT2381	269433	virulent	1.0
vOUT2382	231910	virulent	1.0
vOUT2383	203178	temperate	1.0
vOUT2384	170549	temperate	1.0
vOUT2385	160451	virulent	1.0
vOUT2386	151935	temperate	1.0
vOUT2387	149485	virulent	1.0
vOUT2388	147554	virulent	0.75
vOUT2389	146789	virulent	1.0
vOUT2390	135573	temperate	1.0
vOUT2391	134290	temperate	1.0
vOUT2392	122160	virulent	1.0
vOUT2393	119312	temperate	1.0
vOUT2394	112684	virulent	1.0
vOUT2395	111695	virulent	1.0
vOUT2396	110230	virulent	1.0
vOUT2397	106309	temperate	1.0
vOUT2398	99070	virulent	1.0
vOUT2399	95164	temperate	1.0
vOUT2400	92259	temperate	1.0
vOUT2401	90648	virulent	1.0
vOUT2402	88575	temperate	1.0
vOUT2403	83965	temperate	0.79
vOUT2404	79937	temperate	1.0
vOUT2405	76891	temperate	1.0
vOUT2406	75489	virulent	0.93
vOUT2407	75424	virulent	0.83
vOUT2408	75216	virulent	1.0
vOUT2409	72053	virulent	0.77
vOUT2410	71021	temperate	1.0
vOUT2411	68408	virulent	1.0
vOUT2412	66168	virulent	1.0
vOUT2413	63709	virulent	1.0
vOUT2414	63297	virulent	0.65
vOUT2415	62519	temperate	1.0
vOUT2416	61368	virulent	1.0
vOUT2417	61217	temperate	1.0
vOUT2418	61163	virulent	1.0
vOUT2419	60553	temperate	0.97
vOUT2420	60279	virulent	1.0
vOUT2421	59444	virulent	0.79
vOUT2422	58505	virulent	0.52
vOUT2423	56927	virulent	1.0
vOUT2424	56514	temperate	1.0
vOUT2425	55745	temperate	1.0
vOUT2426	55379	virulent	0.88
vOUT2427	53753	virulent	1.0
vOUT2428	53266	temperate	1.0
vOUT2429	53216	temperate	0.99
vOUT2430	52129	temperate	1.0
vOUT2431	50159	temperate	0.92
vOUT2432	49860	virulent	1.0
vOUT2433	48886	temperate	1.0
vOUT2434	47916	virulent	1.0
vOUT2435	47054	virulent	1.0
vOUT2436	46375	virulent	1.0
vOUT2437	44346	virulent	0.95
vOUT2438	43283	virulent	1.0
vOUT2439	42773	virulent	1.0
vOUT2440	41328	temperate	1.0
vOUT2441	40264	-	0
vOUT2442	38717	temperate	0.99
vOUT2443	38474	temperate	1.0
vOUT2444	37980	temperate	1.0
vOUT2445	37462	temperate	1.0
vOUT2446	37338	temperate	1.0
vOUT2447	36873	virulent	1.0
vOUT2448	36265	virulent	0.94
vOUT2449	35717	temperate	1.0
vOUT2450	34739	temperate	1.0
vOUT2451	34665	temperate	1.0
vOUT2452	33847	temperate	1.0
vOUT2453	33436	temperate	1.0
vOUT2454	33105	temperate	1.0
vOUT2455	32778	virulent	1.0
vOUT2456	32720	temperate	1.0
vOUT2457	31259	temperate	1.0
vOUT2458	28063	temperate	1.0
vOUT2459	23964	virulent	0.9
vOUT2460	22583	temperate	1.0
vOUT2461	22508	temperate	1.0
vOUT2462	8539	temperate	1.0
vOUT2463	8383	temperate	1.0
vOUT2464	4202	virulent	1.0
vOUT2465	285163	temperate	1.0
vOUT2466	250051	temperate	1.0
vOUT2467	212205	virulent	1.0
vOUT2468	194034	temperate	0.99
vOUT2469	144776	virulent	1.0
vOUT2470	126879	virulent	0.93
vOUT2471	126678	virulent	0.95
vOUT2472	123932	temperate	1.0
vOUT2473	116293	temperate	1.0
vOUT2474	102874	virulent	1.0
vOUT2475	100387	virulent	1.0
vOUT2476	100229	temperate	1.0
vOUT2477	95528	virulent	1.0
vOUT2478	92288	temperate	0.99
vOUT2479	86844	temperate	1.0
vOUT2480	84444	temperate	1.0
vOUT2481	82678	temperate	1.0
vOUT2482	80000	virulent	1.0
vOUT2483	76469	virulent	1.0
vOUT2484	76087	virulent	1.0
vOUT2485	75334	temperate	1.0
vOUT2486	72801	virulent	1.0
vOUT2487	70292	virulent	1.0
vOUT2488	69249	virulent	1.0
vOUT2489	68200	virulent	0.98
vOUT2490	64886	virulent	1.0
vOUT2491	60224	virulent	0.98
vOUT2492	58511	temperate	1.0
vOUT2493	58245	temperate	1.0
vOUT2494	56693	temperate	1.0
vOUT2495	56219	temperate	1.0
vOUT2496	56166	temperate	1.0
vOUT2497	54237	virulent	1.0
vOUT2498	52736	virulent	0.99
vOUT2499	52673	temperate	1.0
vOUT2500	51438	temperate	0.99
vOUT2501	49802	virulent	1.0
vOUT2502	49755	virulent	1.0
vOUT2503	49292	temperate	1.0
vOUT2504	49188	temperate	1.0
vOUT2505	47154	temperate	1.0
vOUT2506	46214	temperate	1.0
vOUT2507	46090	temperate	1.0
vOUT2508	44189	temperate	1.0
vOUT2509	43004	virulent	1.0
vOUT2510	42963	temperate	0.98
vOUT2511	40601	temperate	1.0
vOUT2512	39679	temperate	0.68
vOUT2513	36161	virulent	1.0
vOUT2514	35677	virulent	0.79
vOUT2515	32865	temperate	1.0
vOUT2516	29358	virulent	1.0
vOUT2517	29241	temperate	1.0
vOUT2518	28441	temperate	0.85
vOUT2519	24177	temperate	1.0
vOUT2520	9387	temperate	1.0
vOUT2521	7984	temperate	1.0
vOUT2523	1070387	virulent	1.0
vOUT2524	384858	virulent	1.0
vOUT2525	377660	virulent	1.0
vOUT2526	320776	temperate	1.0
vOUT2527	210681	virulent	0.9
vOUT2528	185971	virulent	0.94
vOUT2529	175943	virulent	0.95
vOUT2530	175262	temperate	1.0
vOUT2531	102403	virulent	0.98
vOUT2532	101385	virulent	1.0
vOUT2533	100408	temperate	1.0
vOUT2534	94632	temperate	0.99
vOUT2535	88424	temperate	0.97
vOUT2536	79717	temperate	1.0
vOUT2537	78965	temperate	1.0
vOUT2538	77822	temperate	1.0
vOUT2539	77165	temperate	1.0
vOUT2540	77078	temperate	1.0
vOUT2541	73756	temperate	1.0
vOUT2542	71774	temperate	0.99
vOUT2543	65278	virulent	1.0
vOUT2544	61440	temperate	1.0
vOUT2545	53149	temperate	1.0
vOUT2546	53111	temperate	0.94
vOUT2547	52712	temperate	1.0
vOUT2548	50015	virulent	1.0
vOUT2549	48481	temperate	0.94
vOUT2550	46705	temperate	1.0
vOUT2551	46232	temperate	1.0
vOUT2552	43492	temperate	1.0
vOUT2553	42405	temperate	1.0
vOUT2554	40560	temperate	0.97
vOUT2555	39987	temperate	1.0
vOUT2556	39118	temperate	1.0
vOUT2557	36730	temperate	0.98
vOUT2558	33598	temperate	1.0
vOUT2559	29870	virulent	1.0
vOUT2560	29155	temperate	0.99
vOUT2561	22691	temperate	1.0
vOUT2562	22331	virulent	0.63
vOUT2563	14922	-	0
vOUT2564	8151	-	0
vOUT2565	655491	temperate	1.0
vOUT2566	449386	virulent	1.0
vOUT2567	265662	virulent	1.0
vOUT2568	224263	temperate	1.0
vOUT2569	218845	temperate	0.98
vOUT2570	203904	temperate	0.99
vOUT2571	202034	virulent	1.0
vOUT2572	201250	temperate	1.0
vOUT2573	183527	virulent	1.0
vOUT2574	183370	temperate	0.91
vOUT2575	177475	virulent	1.0
vOUT2576	175297	temperate	1.0
vOUT2577	167493	temperate	1.0
vOUT2578	155302	virulent	1.0
vOUT2579	152965	virulent	0.98
vOUT2580	142849	virulent	1.0
vOUT2581	139703	virulent	0.68
vOUT2582	138680	temperate	0.98
vOUT2583	138269	temperate	1.0
vOUT2584	137135	temperate	1.0
vOUT2585	136605	virulent	1.0
vOUT2586	128940	temperate	1.0
vOUT2587	124722	virulent	1.0
vOUT2588	123959	virulent	1.0
vOUT2589	122636	temperate	0.98
vOUT2590	119980	virulent	1.0
vOUT2591	112511	virulent	0.99
vOUT2592	109379	temperate	1.0
vOUT2593	106317	temperate	1.0
vOUT2594	106161	temperate	1.0
vOUT2595	104776	virulent	1.0
vOUT2596	104011	temperate	1.0
vOUT2597	102670	virulent	0.97
vOUT2598	99862	virulent	1.0
vOUT2599	99385	temperate	0.99
vOUT2600	93660	virulent	0.99
vOUT2601	88972	temperate	1.0
vOUT2602	85535	virulent	0.99
vOUT2603	85366	virulent	1.0
vOUT2604	83743	temperate	1.0
vOUT2605	77588	-	0
vOUT2606	74667	virulent	0.79
vOUT2607	73191	virulent	1.0
vOUT2608	71956	virulent	1.0
vOUT2609	70278	virulent	1.0
vOUT2610	67362	temperate	0.94
vOUT2611	67197	virulent	1.0
vOUT2612	65163	virulent	1.0
vOUT2613	64835	virulent	1.0
vOUT2614	63208	virulent	1.0
vOUT2615	62498	virulent	1.0
vOUT2616	61962	virulent	0.98
vOUT2617	61672	temperate	0.76
vOUT2618	59370	virulent	0.91
vOUT2619	58503	virulent	1.0
vOUT2620	58179	temperate	1.0
vOUT2621	58152	temperate	1.0
vOUT2622	56269	temperate	1.0
vOUT2623	55645	temperate	1.0
vOUT2624	53204	temperate	0.98
vOUT2625	52612	virulent	1.0
vOUT2626	52460	temperate	0.95
vOUT2627	49726	virulent	0.52
vOUT2628	49704	virulent	0.6
vOUT2629	49622	temperate	1.0
vOUT2630	49455	temperate	1.0
vOUT2631	47761	virulent	0.95
vOUT2632	47754	temperate	1.0
vOUT2633	47507	virulent	1.0
vOUT2634	47306	temperate	0.95
vOUT2635	46937	temperate	1.0
vOUT2636	46662	temperate	1.0
vOUT2637	46362	virulent	1.0
vOUT2638	45873	virulent	1.0
vOUT2639	45489	virulent	1.0
vOUT2640	45478	temperate	1.0
vOUT2641	42774	virulent	1.0
vOUT2642	41944	temperate	1.0
vOUT2643	40770	temperate	1.0
vOUT2644	40197	temperate	0.56
vOUT2645	38705	temperate	1.0
vOUT2646	38579	temperate	1.0
vOUT2647	38196	temperate	1.0
vOUT2648	37571	temperate	1.0
vOUT2649	37513	temperate	1.0
vOUT2650	37383	temperate	1.0
vOUT2651	37238	virulent	1.0
vOUT2652	37119	temperate	1.0
vOUT2653	36237	virulent	1.0
vOUT2654	36177	-	0
vOUT2655	35983	virulent	1.0
vOUT2656	35914	temperate	1.0
vOUT2657	35321	virulent	1.0
vOUT2658	35228	temperate	1.0
vOUT2659	33758	virulent	0.95
vOUT2660	32246	temperate	1.0
vOUT2661	31457	temperate	1.0
vOUT2662	31137	temperate	1.0
vOUT2663	29319	temperate	1.0
vOUT2664	28483	temperate	1.0
vOUT2665	26842	temperate	1.0
vOUT2666	12567	temperate	1.0
vOUT2667	11998	virulent	1.0
vOUT2668	365940	virulent	0.96
vOUT2669	312527	temperate	0.95
vOUT2670	299959	virulent	1.0
vOUT2671	271022	virulent	0.82
vOUT2672	238087	temperate	1.0
vOUT2673	234640	virulent	0.96
vOUT2674	229952	virulent	1.0
vOUT2675	195704	temperate	1.0
vOUT2676	177674	temperate	1.0
vOUT2677	173241	temperate	1.0
vOUT2678	166686	temperate	0.98
vOUT2679	166044	temperate	1.0
vOUT2680	154694	virulent	0.6
vOUT2681	149899	temperate	1.0
vOUT2682	146216	-	0
vOUT2683	126775	temperate	0.92
vOUT2684	117291	temperate	0.99
vOUT2685	110206	temperate	1.0
vOUT2686	109073	temperate	0.99
vOUT2687	100219	temperate	1.0
vOUT2689	85780	temperate	1.0
vOUT2690	83495	temperate	1.0
vOUT2691	83284	temperate	0.99
vOUT2692	83240	temperate	1.0
vOUT2693	78721	virulent	0.92
vOUT2694	77143	temperate	1.0
vOUT2695	68864	virulent	0.74
vOUT2696	67210	temperate	1.0
vOUT2697	65663	temperate	1.0
vOUT2698	62813	virulent	0.98
vOUT2699	61816	virulent	0.95
vOUT2700	58609	temperate	1.0
vOUT2701	52940	temperate	0.98
vOUT2702	52409	temperate	1.0
vOUT2703	47639	temperate	1.0
vOUT2704	45988	temperate	0.99
vOUT2705	42341	temperate	1.0
vOUT2706	41110	temperate	0.91
vOUT2707	40187	temperate	1.0
vOUT2708	37498	temperate	0.9
vOUT2709	35731	temperate	1.0
vOUT2710	29555	temperate	1.0
vOUT2711	25107	temperate	1.0
vOUT2712	14515	-	0
vOUT2713	6998	virulent	1.0
vOUT2715	400171	virulent	1.0
vOUT2716	356496	temperate	0.96
vOUT2717	278793	virulent	0.99
vOUT2718	252957	virulent	1.0
vOUT2719	214345	virulent	0.97
vOUT2720	211286	virulent	1.0
vOUT2721	210699	temperate	1.0
vOUT2722	201699	temperate	0.93
vOUT2723	192586	virulent	1.0
vOUT2724	181847	temperate	1.0
vOUT2725	169786	virulent	0.5
vOUT2726	165938	temperate	1.0
vOUT2727	145843	temperate	0.99
vOUT2728	142384	temperate	1.0
vOUT2729	126341	temperate	1.0
vOUT2730	120631	temperate	1.0
vOUT2731	114024	virulent	1.0
vOUT2732	110100	temperate	1.0
vOUT2733	105202	temperate	0.9
vOUT2734	104754	temperate	1.0
vOUT2735	98032	virulent	1.0
vOUT2736	87980	virulent	1.0
vOUT2737	82715	virulent	1.0
vOUT2738	81029	virulent	1.0
vOUT2739	80447	virulent	1.0
vOUT2740	77360	virulent	1.0
vOUT2741	75920	temperate	1.0
vOUT2742	60892	temperate	1.0
vOUT2743	58475	temperate	1.0
vOUT2744	57945	virulent	0.99
vOUT2745	55503	temperate	0.8
vOUT2746	52236	temperate	1.0
vOUT2747	50483	virulent	1.0
vOUT2748	47896	temperate	1.0
vOUT2749	47525	virulent	1.0
vOUT2750	46697	virulent	1.0
vOUT2751	46126	temperate	1.0
vOUT2752	43621	temperate	0.99
vOUT2753	42088	temperate	1.0
vOUT2754	40735	temperate	1.0
vOUT2755	40540	temperate	0.99
vOUT2756	38316	temperate	1.0
vOUT2757	37558	temperate	0.99
vOUT2758	36834	temperate	1.0
vOUT2759	36635	temperate	1.0
vOUT2760	36360	temperate	1.0
vOUT2761	36059	temperate	0.99
vOUT2762	35207	virulent	1.0
vOUT2763	34277	temperate	0.91
vOUT2764	33286	temperate	1.0
vOUT2765	32585	temperate	1.0
vOUT2766	31742	virulent	0.99
vOUT2767	30514	virulent	1.0
vOUT2768	25361	temperate	0.97
vOUT2769	19199	temperate	0.85
vOUT2770	12043	temperate	0.94
vOUT2771	11672	temperate	1.0
vOUT2773	700050	virulent	0.99
vOUT2774	350642	virulent	1.0
vOUT2775	346283	temperate	0.99
vOUT2776	334565	temperate	1.0
vOUT2777	249784	temperate	0.99
vOUT2778	210857	temperate	0.8
vOUT2779	210506	virulent	0.98
vOUT2780	208441	virulent	1.0
vOUT2781	200175	temperate	1.0
vOUT2782	186029	virulent	0.86
vOUT2783	163291	temperate	0.94
vOUT2784	152729	virulent	1.0
vOUT2785	151611	temperate	1.0
vOUT2786	146934	temperate	1.0
vOUT2787	139657	virulent	1.0
vOUT2788	133683	temperate	0.98
vOUT2789	128754	temperate	1.0
vOUT2790	119519	temperate	1.0
vOUT2791	117564	temperate	1.0
vOUT2792	108726	virulent	1.0
vOUT2793	105988	temperate	1.0
vOUT2794	102556	temperate	1.0
vOUT2795	99886	-	0
vOUT2796	99647	virulent	1.0
vOUT2797	97419	virulent	1.0
vOUT2798	90179	temperate	0.97
vOUT2799	80108	temperate	1.0
vOUT2800	69856	temperate	1.0
vOUT2801	67267	temperate	0.99
vOUT2802	65241	temperate	1.0
vOUT2803	61209	temperate	1.0
vOUT2804	60342	virulent	1.0
vOUT2805	59375	virulent	1.0
vOUT2806	58638	virulent	1.0
vOUT2807	58382	temperate	1.0
vOUT2808	57783	virulent	0.98
vOUT2809	55800	temperate	1.0
vOUT2810	55439	virulent	1.0
vOUT2811	54202	temperate	1.0
vOUT2812	50296	temperate	0.93
vOUT2813	49765	virulent	1.0
vOUT2814	48915	virulent	0.9
vOUT2815	45919	temperate	1.0
vOUT2816	45822	-	0
vOUT2817	44151	temperate	1.0
vOUT2818	43775	temperate	1.0
vOUT2819	43406	virulent	1.0
vOUT2820	43210	temperate	0.75
vOUT2821	42649	virulent	1.0
vOUT2822	42551	temperate	1.0
vOUT2823	40749	temperate	1.0
vOUT2824	40747	temperate	0.94
vOUT2825	39101	temperate	1.0
vOUT2826	38964	temperate	1.0
vOUT2827	36166	temperate	0.97
vOUT2829	34426	temperate	1.0
vOUT2830	34111	temperate	1.0
vOUT2831	34102	temperate	1.0
vOUT2832	34011	virulent	1.0
vOUT2833	31110	virulent	1.0
vOUT2834	30779	temperate	0.77
vOUT2835	22314	temperate	1.0
vOUT2836	19298	temperate	1.0
vOUT2837	14513	temperate	1.0
vOUT2838	13748	temperate	1.0
vOUT2840	813810	virulent	0.99
vOUT2841	420281	temperate	1.0
vOUT2842	311549	temperate	1.0
vOUT2843	245981	virulent	1.0
vOUT2844	227837	temperate	1.0
vOUT2845	207061	temperate	1.0
vOUT2846	205915	temperate	1.0
vOUT2847	205371	temperate	1.0
vOUT2848	157100	temperate	1.0
vOUT2849	152345	temperate	0.99
vOUT2850	150139	temperate	1.0
vOUT2851	139761	virulent	1.0
vOUT2852	130013	temperate	0.94
vOUT2853	124154	temperate	1.0
vOUT2854	117921	virulent	1.0
vOUT2855	117418	virulent	1.0
vOUT2856	115415	virulent	1.0
vOUT2857	114994	virulent	0.59
vOUT2858	114834	virulent	0.74
vOUT2859	113927	temperate	1.0
vOUT2860	110165	-	0
vOUT2861	109676	virulent	1.0
vOUT2862	104850	temperate	0.5
vOUT2863	104313	virulent	0.78
vOUT2864	101048	virulent	1.0
vOUT2865	92485	temperate	1.0
vOUT2866	90752	temperate	1.0
vOUT2867	88853	virulent	1.0
vOUT2868	85965	temperate	0.99
vOUT2869	81864	temperate	1.0
vOUT2870	80891	temperate	1.0
vOUT2871	78927	virulent	0.97
vOUT2872	67173	virulent	0.92
vOUT2873	65726	temperate	1.0
vOUT2874	65551	temperate	1.0
vOUT2875	63288	temperate	1.0
vOUT2876	63244	virulent	1.0
vOUT2877	63058	temperate	1.0
vOUT2878	61508	temperate	1.0
vOUT2879	57128	temperate	0.96
vOUT2880	55296	temperate	1.0
vOUT2881	53063	temperate	1.0
vOUT2882	50708	temperate	1.0
vOUT2883	49890	temperate	1.0
vOUT2884	48814	temperate	1.0
vOUT2885	46847	virulent	1.0
vOUT2886	46295	temperate	0.61
vOUT2887	46140	temperate	1.0
vOUT2888	45772	temperate	0.7
vOUT2889	44192	-	0
vOUT2890	43045	virulent	1.0
vOUT2891	42432	temperate	0.99
vOUT2892	42355	virulent	1.0
vOUT2893	40240	virulent	0.51
vOUT2894	40106	temperate	0.67
vOUT2895	37103	temperate	1.0
vOUT2896	36764	temperate	1.0
vOUT2897	34686	temperate	1.0
vOUT2898	34027	temperate	1.0
vOUT2899	33741	virulent	1.0
vOUT2900	32974	temperate	0.88
vOUT2901	31015	temperate	1.0
vOUT2902	30048	virulent	0.91
vOUT2903	25618	temperate	1.0
vOUT2904	25423	temperate	1.0
vOUT2905	23212	temperate	1.0
vOUT2906	22610	-	0
vOUT2907	8666	temperate	1.0
vOUT2908	8030	temperate	1.0
vOUT2910	5820	temperate	0.91
vOUT2911	5059	virulent	1.0
vOUT2912	4759	virulent	1.0
vOUT2913	3333	virulent	1.0
vOUT2914	641305	temperate	1.0
vOUT2915	553646	virulent	1.0
vOUT2916	525360	virulent	1.0
vOUT2917	399290	temperate	0.98
vOUT2918	349616	virulent	1.0
vOUT2919	282919	temperate	0.83
vOUT2920	245751	virulent	1.0
vOUT2921	241963	temperate	0.74
vOUT2922	235252	temperate	1.0
vOUT2923	197828	virulent	1.0
vOUT2924	163061	temperate	0.99
vOUT2925	156949	virulent	1.0
vOUT2926	132361	virulent	1.0
vOUT2927	127553	temperate	0.99
vOUT2928	106677	temperate	1.0
vOUT2929	104632	virulent	1.0
vOUT2930	103715	temperate	1.0
vOUT2931	95403	virulent	0.97
vOUT2932	89268	virulent	0.78
vOUT2933	84696	temperate	0.97
vOUT2934	82862	virulent	0.54
vOUT2935	77322	-	0
vOUT2936	75026	temperate	1.0
vOUT2937	72425	temperate	1.0
vOUT2938	67874	temperate	1.0
vOUT2939	67804	temperate	1.0
vOUT2940	66833	temperate	1.0
vOUT2941	50664	temperate	1.0
vOUT2942	48050	-	0
vOUT2943	46697	temperate	1.0
vOUT2944	45157	temperate	1.0
vOUT2945	44749	virulent	1.0
vOUT2946	44271	temperate	1.0
vOUT2947	32516	temperate	1.0
vOUT2948	31615	temperate	1.0
vOUT2949	30930	temperate	1.0
vOUT2950	23475	temperate	1.0
vOUT2951	21439	temperate	1.0
vOUT2952	21288	temperate	1.0
vOUT2953	21133	temperate	0.92
vOUT2954	7973	temperate	1.0
vOUT2955	154780	virulent	1.0
vOUT2956	122374	temperate	1.0
vOUT2957	115660	temperate	1.0
vOUT2958	89394	virulent	1.0
vOUT2959	84986	virulent	1.0
vOUT2960	80940	temperate	1.0
vOUT2961	78375	temperate	0.98
vOUT2962	76666	virulent	1.0
vOUT2963	76581	temperate	0.89
vOUT2964	67096	temperate	1.0
vOUT2965	59966	virulent	0.99
vOUT2966	57524	temperate	1.0
vOUT2967	50060	temperate	0.6
vOUT2968	48691	temperate	0.83
vOUT2969	47472	temperate	1.0
vOUT2970	44561	virulent	0.99
vOUT2971	44160	temperate	1.0
vOUT2972	43037	temperate	1.0
vOUT2973	42383	temperate	0.97
vOUT2974	41705	virulent	1.0
vOUT2975	39436	temperate	0.99
vOUT2976	37497	temperate	1.0
vOUT2977	37443	virulent	0.94
vOUT2979	29083	virulent	0.68
vOUT2981	3046	virulent	1.0
vOUT2983	488572	virulent	1.0
vOUT2984	348567	virulent	1.0
vOUT2985	336439	virulent	1.0
vOUT2986	327259	virulent	1.0
vOUT2987	274945	temperate	1.0
vOUT2988	173091	virulent	1.0
vOUT2989	160764	temperate	1.0
vOUT2990	157133	virulent	0.97
vOUT2991	148215	temperate	0.79
vOUT2992	147414	temperate	1.0
vOUT2993	136566	temperate	1.0
vOUT2994	125404	temperate	1.0
vOUT2995	122456	virulent	1.0
vOUT2996	120823	temperate	1.0
vOUT2997	118580	virulent	1.0
vOUT2998	115226	temperate	1.0
vOUT2999	114654	virulent	1.0
vOUT3000	108216	temperate	1.0
vOUT3001	106382	temperate	1.0
vOUT3002	104161	temperate	1.0
vOUT3003	104015	temperate	1.0
vOUT3004	102386	temperate	1.0
vOUT3005	95056	virulent	1.0
vOUT3006	93748	virulent	1.0
vOUT3007	85561	virulent	1.0
vOUT3008	83812	temperate	1.0
vOUT3009	82416	temperate	1.0
vOUT3010	82336	virulent	1.0
vOUT3011	76929	virulent	0.99
vOUT3012	76302	temperate	0.93
vOUT3013	75703	temperate	0.85
vOUT3014	73374	temperate	0.99
vOUT3015	73118	virulent	1.0
vOUT3016	71827	temperate	1.0
vOUT3017	67189	temperate	1.0
vOUT3018	66100	temperate	1.0
vOUT3019	62104	temperate	1.0
vOUT3020	61207	temperate	1.0
vOUT3021	60743	temperate	1.0
vOUT3022	59116	virulent	1.0
vOUT3023	59025	temperate	1.0
vOUT3024	57747	virulent	0.99
vOUT3025	56375	virulent	0.95
vOUT3026	55857	temperate	1.0
vOUT3027	55279	virulent	0.96
vOUT3028	55028	temperate	1.0
vOUT3029	54376	temperate	1.0
vOUT3030	51601	virulent	1.0
vOUT3031	51232	temperate	1.0
vOUT3032	51223	temperate	1.0
vOUT3033	50202	temperate	1.0
vOUT3034	49708	temperate	1.0
vOUT3035	48455	virulent	0.91
vOUT3036	47641	virulent	1.0
vOUT3037	47516	temperate	1.0
vOUT3038	46731	virulent	1.0
vOUT3039	46652	temperate	1.0
vOUT3040	46163	virulent	1.0
vOUT3041	45654	temperate	1.0
vOUT3042	45513	temperate	0.98
vOUT3043	45233	temperate	1.0
vOUT3044	45115	temperate	1.0
vOUT3045	45107	virulent	1.0
vOUT3046	44737	virulent	1.0
vOUT3047	44443	temperate	0.92
vOUT3048	43873	temperate	1.0
vOUT3049	43250	virulent	1.0
vOUT3050	43196	temperate	1.0
vOUT3051	42970	temperate	1.0
vOUT3052	42554	temperate	0.97
vOUT3053	42310	temperate	1.0
vOUT3054	42279	temperate	1.0
vOUT3055	40147	virulent	1.0
vOUT3056	36533	virulent	1.0
vOUT3057	36495	temperate	1.0
vOUT3058	35001	temperate	1.0
vOUT3059	34240	virulent	1.0
vOUT3060	34007	temperate	1.0
vOUT3061	33512	temperate	1.0
vOUT3062	31527	temperate	1.0
vOUT3063	30028	temperate	1.0
vOUT3064	28514	temperate	1.0
vOUT3065	22524	temperate	0.99
vOUT3066	13843	temperate	0.97
vOUT3067	11188	virulent	1.0
vOUT3068	5832	virulent	1.0
vOUT3069	539688	virulent	1.0
vOUT3070	286726	temperate	1.0
vOUT3071	250165	temperate	0.97
vOUT3072	183924	virulent	1.0
vOUT3073	182984	temperate	1.0
vOUT3074	179811	temperate	1.0
vOUT3075	153465	virulent	1.0
vOUT3076	145765	virulent	1.0
vOUT3077	145435	temperate	0.98
vOUT3078	136173	virulent	1.0
vOUT3079	133270	temperate	1.0
vOUT3080	126220	virulent	1.0
vOUT3081	122890	temperate	1.0
vOUT3082	120667	virulent	0.93
vOUT3083	119449	temperate	0.72
vOUT3084	119174	temperate	1.0
vOUT3085	113783	temperate	1.0
vOUT3086	113223	temperate	0.98
vOUT3087	110826	temperate	1.0
vOUT3088	110461	temperate	1.0
vOUT3089	108665	virulent	1.0
vOUT3090	105771	virulent	1.0
vOUT3091	104578	temperate	1.0
vOUT3092	104021	temperate	1.0
vOUT3093	100506	temperate	1.0
vOUT3094	98438	virulent	1.0
vOUT3095	94335	virulent	0.99
vOUT3096	90273	virulent	1.0
vOUT3097	84223	temperate	1.0
vOUT3098	78205	virulent	1.0
vOUT3099	76122	virulent	1.0
vOUT3100	75487	virulent	1.0
vOUT3101	75389	temperate	1.0
vOUT3102	70896	temperate	0.71
vOUT3103	68994	virulent	1.0
vOUT3104	67446	temperate	0.78
vOUT3105	60651	temperate	1.0
vOUT3106	59450	temperate	1.0
vOUT3107	59027	temperate	1.0
vOUT3108	50669	virulent	1.0
vOUT3109	49294	temperate	0.99
vOUT3110	48919	temperate	0.91
vOUT3111	48676	temperate	1.0
vOUT3112	48382	temperate	0.96
vOUT3113	47970	virulent	0.88
vOUT3114	47734	virulent	1.0
vOUT3115	45805	temperate	0.98
vOUT3116	43962	temperate	1.0
vOUT3117	43561	temperate	1.0
vOUT3118	42916	temperate	0.97
vOUT3119	37923	temperate	1.0
vOUT3120	37593	temperate	1.0
vOUT3121	36717	temperate	1.0
vOUT3122	35208	temperate	1.0
vOUT3123	33823	virulent	1.0
vOUT3124	33210	virulent	0.95
vOUT3125	32279	virulent	0.68
vOUT3126	32030	temperate	1.0
vOUT3127	27860	virulent	0.83
vOUT3128	26609	temperate	1.0
vOUT3129	364021	temperate	0.58
vOUT3130	219232	temperate	0.7
vOUT3131	201229	virulent	1.0
vOUT3132	200745	temperate	0.99
vOUT3133	200276	virulent	1.0
vOUT3134	179070	temperate	1.0
vOUT3135	172507	temperate	1.0
vOUT3136	168771	virulent	1.0
vOUT3137	168365	virulent	0.72
vOUT3138	164174	temperate	1.0
vOUT3139	156928	virulent	1.0
vOUT3140	155092	virulent	1.0
vOUT3141	151837	temperate	1.0
vOUT3142	141844	temperate	1.0
vOUT3143	136659	temperate	1.0
vOUT3144	133970	virulent	0.77
vOUT3145	130947	temperate	0.57
vOUT3146	130368	-	0
vOUT3147	129968	temperate	1.0
vOUT3148	124213	temperate	0.99
vOUT3149	123992	temperate	1.0
vOUT3150	122293	virulent	0.96
vOUT3151	101721	temperate	1.0
vOUT3152	101108	temperate	1.0
vOUT3153	99303	temperate	1.0
vOUT3154	98157	virulent	1.0
vOUT3155	93968	temperate	1.0
vOUT3156	92781	temperate	0.63
vOUT3157	92024	temperate	1.0
vOUT3158	90658	temperate	1.0
vOUT3159	88693	temperate	0.98
vOUT3160	84404	virulent	1.0
vOUT3161	83064	virulent	0.99
vOUT3162	82844	virulent	1.0
vOUT3163	66552	virulent	0.78
vOUT3164	63661	virulent	0.95
vOUT3165	63359	virulent	1.0
vOUT3166	62755	temperate	1.0
vOUT3167	57907	temperate	1.0
vOUT3168	55336	virulent	1.0
vOUT3169	48534	virulent	1.0
vOUT3170	48276	virulent	1.0
vOUT3171	46279	temperate	1.0
vOUT3172	44507	temperate	1.0
vOUT3173	42683	temperate	1.0
vOUT3174	41676	temperate	1.0
vOUT3175	39816	temperate	0.71
vOUT3176	39580	temperate	1.0
vOUT3177	39033	temperate	1.0
vOUT3178	38206	temperate	1.0
vOUT3179	36645	temperate	1.0
vOUT3180	35346	temperate	1.0
vOUT3181	34395	temperate	1.0
vOUT3182	31643	temperate	1.0
vOUT3183	31239	temperate	1.0
vOUT3184	29185	virulent	1.0
vOUT3185	26355	temperate	0.79
vOUT3186	21578	temperate	0.73
vOUT3187	7167	virulent	1.0
vOUT3188	582925	temperate	1.0
vOUT3189	521224	virulent	1.0
vOUT3190	345441	temperate	1.0
vOUT3191	322222	temperate	0.51
vOUT3192	297553	virulent	0.91
vOUT3193	225144	virulent	0.93
vOUT3194	219122	temperate	1.0
vOUT3195	213713	temperate	1.0
vOUT3196	189311	virulent	0.97
vOUT3197	183039	temperate	1.0
vOUT3198	172046	temperate	1.0
vOUT3199	169935	temperate	1.0
vOUT3200	160686	virulent	1.0
vOUT3201	159677	virulent	1.0
vOUT3202	156980	temperate	1.0
vOUT3203	155674	virulent	1.0
vOUT3204	152822	temperate	1.0
vOUT3205	150320	temperate	1.0
vOUT3206	143665	temperate	1.0
vOUT3207	141719	virulent	1.0
vOUT3208	137774	temperate	1.0
vOUT3209	132255	temperate	0.96
vOUT3210	120716	temperate	1.0
vOUT3211	113280	temperate	0.92
vOUT3212	111941	virulent	1.0
vOUT3213	110135	virulent	1.0
vOUT3214	99514	virulent	1.0
vOUT3215	93481	virulent	1.0
vOUT3216	86437	temperate	1.0
vOUT3217	85012	temperate	1.0
vOUT3218	80648	temperate	1.0
vOUT3219	70329	virulent	0.51
vOUT3220	67358	temperate	1.0
vOUT3221	65681	virulent	1.0
vOUT3222	64010	temperate	1.0
vOUT3223	61130	virulent	0.89
vOUT3224	61098	virulent	1.0
vOUT3225	60457	virulent	1.0
vOUT3226	58401	temperate	1.0
vOUT3227	57509	virulent	1.0
vOUT3228	54912	temperate	1.0
vOUT3229	54452	temperate	0.99
vOUT3230	52393	virulent	1.0
vOUT3231	48303	temperate	1.0
vOUT3232	47729	temperate	1.0
vOUT3233	41565	virulent	1.0
vOUT3234	41079	temperate	1.0
vOUT3235	38990	temperate	1.0
vOUT3236	38555	temperate	1.0
vOUT3237	37778	temperate	0.92
vOUT3238	36028	temperate	1.0
vOUT3239	33442	temperate	1.0
vOUT3240	32863	temperate	1.0
vOUT3241	30215	virulent	1.0
vOUT3242	405596	virulent	0.6
vOUT3243	375649	virulent	1.0
vOUT3244	142711	temperate	1.0
vOUT3245	142128	temperate	1.0
vOUT3246	127266	temperate	1.0
vOUT3247	127101	temperate	1.0
vOUT3248	125043	temperate	1.0
vOUT3249	103823	virulent	1.0
vOUT3250	83300	temperate	0.9
vOUT3251	82766	temperate	1.0
vOUT3252	81879	temperate	1.0
vOUT3253	81494	temperate	0.99
vOUT3254	76557	temperate	1.0
vOUT3255	68733	temperate	1.0
vOUT3256	68206	temperate	1.0
vOUT3257	63872	temperate	1.0
vOUT3258	60660	temperate	1.0
vOUT3259	53539	virulent	1.0
vOUT3260	51790	temperate	1.0
vOUT3261	50616	temperate	1.0
vOUT3262	43892	virulent	1.0
vOUT3263	43541	temperate	1.0
vOUT3264	43426	temperate	1.0
vOUT3265	43271	temperate	1.0
vOUT3266	41930	temperate	1.0
vOUT3267	40773	temperate	1.0
vOUT3268	40761	temperate	1.0
vOUT3269	40730	temperate	1.0
vOUT3270	40515	virulent	1.0
vOUT3271	39860	temperate	1.0
vOUT3272	39694	temperate	1.0
vOUT3273	38735	temperate	1.0
vOUT3274	38219	virulent	1.0
vOUT3275	37828	temperate	1.0
vOUT3276	34725	virulent	1.0
vOUT3277	33332	temperate	1.0
vOUT3278	33182	temperate	1.0
vOUT3279	30987	temperate	1.0
vOUT3280	29738	temperate	1.0
vOUT3281	29101	virulent	1.0
vOUT3282	27554	temperate	1.0
vOUT3283	25488	temperate	1.0
vOUT3284	20496	temperate	1.0
vOUT3285	18906	temperate	0.84
vOUT3286	362926	virulent	0.53
vOUT3287	287215	virulent	1.0
vOUT3288	249507	virulent	0.97
vOUT3289	238663	temperate	0.98
vOUT3290	228770	temperate	0.98
vOUT3291	213934	temperate	1.0
vOUT3292	212654	virulent	1.0
vOUT3293	186208	virulent	1.0
vOUT3294	176641	virulent	1.0
vOUT3295	170008	temperate	1.0
vOUT3296	158160	virulent	1.0
vOUT3297	157374	temperate	0.98
vOUT3298	154127	temperate	0.99
vOUT3299	152032	virulent	1.0
vOUT3300	140638	temperate	1.0
vOUT3301	138228	temperate	1.0
vOUT3302	130484	virulent	1.0
vOUT3303	121968	temperate	1.0
vOUT3304	120129	temperate	1.0
vOUT3305	118515	temperate	1.0
vOUT3306	118389	temperate	0.66
vOUT3307	113644	temperate	1.0
vOUT3308	110690	temperate	1.0
vOUT3309	108106	temperate	1.0
vOUT3310	105911	temperate	1.0
vOUT3311	104488	virulent	0.95
vOUT3312	102148	temperate	0.96
vOUT3313	98579	virulent	1.0
vOUT3314	98267	virulent	1.0
vOUT3315	98175	temperate	1.0
vOUT3316	97464	temperate	1.0
vOUT3317	89736	temperate	1.0
vOUT3318	85873	virulent	1.0
vOUT3319	80808	virulent	1.0
vOUT3320	76273	virulent	1.0
vOUT3321	75173	temperate	1.0
vOUT3322	74542	virulent	1.0
vOUT3323	73327	virulent	0.7
vOUT3324	70562	temperate	1.0
vOUT3325	69653	temperate	1.0
vOUT3326	66223	temperate	1.0
vOUT3327	65987	temperate	1.0
vOUT3328	64895	virulent	1.0
vOUT3329	62187	virulent	1.0
vOUT3330	61057	temperate	0.94
vOUT3331	60632	temperate	1.0
vOUT3332	60456	temperate	1.0
vOUT3333	55900	temperate	1.0
vOUT3334	52983	temperate	1.0
vOUT3335	52589	temperate	1.0
vOUT3336	51187	virulent	0.99
vOUT3337	50133	virulent	0.97
vOUT3338	49523	temperate	1.0
vOUT3339	48271	virulent	1.0
vOUT3340	44236	temperate	1.0
vOUT3341	41515	temperate	1.0
vOUT3342	41367	temperate	1.0
vOUT3343	37645	temperate	1.0
vOUT3344	33413	temperate	1.0
vOUT3345	28063	temperate	1.0
vOUT3346	23083	virulent	0.93
vOUT3347	885468	-	0
vOUT3348	373172	virulent	0.78
vOUT3349	292590	virulent	1.0
vOUT3350	271498	-	0
vOUT3351	201982	temperate	1.0
vOUT3352	181127	virulent	1.0
vOUT3353	179851	virulent	1.0
vOUT3354	175721	virulent	1.0
vOUT3355	170461	virulent	1.0
vOUT3356	158478	virulent	1.0
vOUT3357	146506	virulent	1.0
vOUT3358	146054	temperate	1.0
vOUT3359	141081	temperate	1.0
vOUT3360	139185	temperate	1.0
vOUT3361	138743	virulent	1.0
vOUT3362	137767	temperate	1.0
vOUT3363	127701	virulent	1.0
vOUT3364	111387	-	0
vOUT3365	109134	temperate	0.99
vOUT3366	108848	temperate	0.95
vOUT3367	107138	temperate	0.99
vOUT3368	105315	temperate	1.0
vOUT3369	103335	virulent	1.0
vOUT3370	92104	temperate	0.99
vOUT3371	91813	temperate	0.99
vOUT3372	82146	temperate	1.0
vOUT3373	80462	temperate	1.0
vOUT3374	79812	virulent	0.91
vOUT3375	79152	virulent	1.0
vOUT3376	76281	temperate	1.0
vOUT3377	75978	virulent	1.0
vOUT3378	70893	temperate	0.88
vOUT3379	67503	temperate	0.98
vOUT3380	63980	temperate	1.0
vOUT3381	61033	virulent	1.0
vOUT3382	57282	temperate	0.99
vOUT3383	56826	temperate	1.0
vOUT3384	55873	virulent	1.0
vOUT3385	53597	temperate	1.0
vOUT3386	53491	temperate	0.75
vOUT3387	52795	virulent	0.99
vOUT3388	52252	virulent	0.98
vOUT3389	52099	temperate	1.0
vOUT3390	47547	temperate	1.0
vOUT3391	46813	temperate	1.0
vOUT3392	45621	temperate	1.0
vOUT3393	43643	temperate	1.0
vOUT3394	43149	temperate	0.97
vOUT3395	43073	temperate	1.0
vOUT3396	42385	temperate	1.0
vOUT3397	41675	temperate	1.0
vOUT3398	40713	temperate	0.94
vOUT3399	40553	temperate	1.0
vOUT3400	39963	temperate	0.86
vOUT3401	39012	temperate	1.0
vOUT3402	38966	temperate	0.89
vOUT3403	38420	temperate	1.0
vOUT3404	36556	virulent	0.92
vOUT3405	36349	virulent	0.97
vOUT3406	36319	temperate	0.89
vOUT3407	36243	temperate	0.92
vOUT3408	35368	temperate	1.0
vOUT3409	35236	temperate	1.0
vOUT3410	34324	temperate	1.0
vOUT3411	32272	temperate	1.0
vOUT3412	27856	virulent	0.96
vOUT3413	20622	temperate	1.0
vOUT3414	10031	temperate	1.0
vOUT3415	6562	virulent	0.77
vOUT3416	4309	virulent	1.0
vOUT3417	3288	virulent	1.0
vOUT31	12081	-	0
vOUT105	37207	-	0
vOUT155	3027	-	0
vOUT224	6626	-	0
vOUT225	1825	-	0
vOUT291	3295	-	0
vOUT509	6956	-	0
vOUT680	5141	-	0
vOUT722	5931	-	0
vOUT811	2442	-	0
vOUT887	18454	-	0
vOUT888	7865	-	0
vOUT889	5746	-	0
vOUT890	5731	-	0
vOUT892	1637	-	0
vOUT1057	5023	-	0
vOUT1058	3142	-	0
vOUT1142	6210	-	0
vOUT1144	3237	-	0
vOUT1331	23534	-	0
vOUT1334	9135	-	0
vOUT1337	2114	-	0
vOUT1431	5819	-	0
vOUT1483	3426	-	0
vOUT1556	26221	-	0
vOUT1557	24981	-	0
vOUT1600	72991	-	0
vOUT1644	6315	-	0
vOUT1646	5813	-	0
vOUT1724	9907	-	0
vOUT1725	6080	-	0
vOUT1726	5751	-	0
vOUT1820	27581	-	0
vOUT1824	23449	-	0
vOUT1917	26233	-	0
vOUT1983	9646	-	0
vOUT2019	3521	-	0
vOUT2096	1850	-	0
vOUT2264	53104	-	0
vOUT2332	13393	-	0
vOUT2522	6733	-	0
vOUT2688	87113	-	0
vOUT2714	6304	-	0
vOUT2772	2216	-	0
vOUT2828	35804	-	0
vOUT2839	8720	-	0
vOUT2909	7417	-	0
vOUT2978	35316	-	0
vOUT2980	6738	-	0
vOUT2982	2458	-	0
